/*
Navicat MySQL Data Transfer

Source Server         : localhost_3306
Source Server Version : 50720
Source Host           : localhost:3306
Source Database       : bs_manage_system

Target Server Type    : MYSQL
Target Server Version : 50720
File Encoding         : 65001

Date: 2019-06-29 13:04:04
*/

SET FOREIGN_KEY_CHECKS=0;

-- ----------------------------
-- Table structure for auth_group
-- ----------------------------
DROP TABLE IF EXISTS `auth_group`;
CREATE TABLE `auth_group` (
  `id` int(11) NOT NULL AUTO_INCREMENT,
  `name` varchar(80) COLLATE utf8_unicode_ci NOT NULL,
  PRIMARY KEY (`id`),
  UNIQUE KEY `name` (`name`)
) ENGINE=InnoDB DEFAULT CHARSET=utf8 COLLATE=utf8_unicode_ci;

-- ----------------------------
-- Records of auth_group
-- ----------------------------

-- ----------------------------
-- Table structure for auth_group_permissions
-- ----------------------------
DROP TABLE IF EXISTS `auth_group_permissions`;
CREATE TABLE `auth_group_permissions` (
  `id` int(11) NOT NULL AUTO_INCREMENT,
  `group_id` int(11) NOT NULL,
  `permission_id` int(11) NOT NULL,
  PRIMARY KEY (`id`),
  UNIQUE KEY `group_id` (`group_id`,`permission_id`),
  KEY `auth_group_permissi_permission_id_23962d04_fk_auth_permission_id` (`permission_id`),
  CONSTRAINT `auth_group_permissi_permission_id_23962d04_fk_auth_permission_id` FOREIGN KEY (`permission_id`) REFERENCES `auth_permission` (`id`),
  CONSTRAINT `auth_group_permissions_group_id_58c48ba9_fk_auth_group_id` FOREIGN KEY (`group_id`) REFERENCES `auth_group` (`id`)
) ENGINE=InnoDB DEFAULT CHARSET=utf8 COLLATE=utf8_unicode_ci;

-- ----------------------------
-- Records of auth_group_permissions
-- ----------------------------

-- ----------------------------
-- Table structure for auth_permission
-- ----------------------------
DROP TABLE IF EXISTS `auth_permission`;
CREATE TABLE `auth_permission` (
  `id` int(11) NOT NULL AUTO_INCREMENT,
  `name` varchar(255) COLLATE utf8_unicode_ci NOT NULL,
  `content_type_id` int(11) NOT NULL,
  `codename` varchar(100) COLLATE utf8_unicode_ci NOT NULL,
  PRIMARY KEY (`id`),
  UNIQUE KEY `content_type_id` (`content_type_id`,`codename`),
  CONSTRAINT `auth_permissi_content_type_id_51277a81_fk_django_content_type_id` FOREIGN KEY (`content_type_id`) REFERENCES `django_content_type` (`id`)
) ENGINE=InnoDB AUTO_INCREMENT=43 DEFAULT CHARSET=utf8 COLLATE=utf8_unicode_ci;

-- ----------------------------
-- Records of auth_permission
-- ----------------------------
INSERT INTO `auth_permission` VALUES ('1', 'Can add log entry', '1', 'add_logentry');
INSERT INTO `auth_permission` VALUES ('2', 'Can change log entry', '1', 'change_logentry');
INSERT INTO `auth_permission` VALUES ('3', 'Can delete log entry', '1', 'delete_logentry');
INSERT INTO `auth_permission` VALUES ('4', 'Can add permission', '2', 'add_permission');
INSERT INTO `auth_permission` VALUES ('5', 'Can change permission', '2', 'change_permission');
INSERT INTO `auth_permission` VALUES ('6', 'Can delete permission', '2', 'delete_permission');
INSERT INTO `auth_permission` VALUES ('7', 'Can add group', '3', 'add_group');
INSERT INTO `auth_permission` VALUES ('8', 'Can change group', '3', 'change_group');
INSERT INTO `auth_permission` VALUES ('9', 'Can delete group', '3', 'delete_group');
INSERT INTO `auth_permission` VALUES ('10', 'Can add user', '4', 'add_user');
INSERT INTO `auth_permission` VALUES ('11', 'Can change user', '4', 'change_user');
INSERT INTO `auth_permission` VALUES ('12', 'Can delete user', '4', 'delete_user');
INSERT INTO `auth_permission` VALUES ('13', 'Can add content type', '5', 'add_contenttype');
INSERT INTO `auth_permission` VALUES ('14', 'Can change content type', '5', 'change_contenttype');
INSERT INTO `auth_permission` VALUES ('15', 'Can delete content type', '5', 'delete_contenttype');
INSERT INTO `auth_permission` VALUES ('16', 'Can add session', '6', 'add_session');
INSERT INTO `auth_permission` VALUES ('17', 'Can change session', '6', 'change_session');
INSERT INTO `auth_permission` VALUES ('18', 'Can delete session', '6', 'delete_session');
INSERT INTO `auth_permission` VALUES ('19', 'Can add user login', '7', 'add_userlogin');
INSERT INTO `auth_permission` VALUES ('20', 'Can change user login', '7', 'change_userlogin');
INSERT INTO `auth_permission` VALUES ('21', 'Can delete user login', '7', 'delete_userlogin');
INSERT INTO `auth_permission` VALUES ('22', 'Can add user info', '8', 'add_userinfo');
INSERT INTO `auth_permission` VALUES ('23', 'Can change user info', '8', 'change_userinfo');
INSERT INTO `auth_permission` VALUES ('24', 'Can delete user info', '8', 'delete_userinfo');
INSERT INTO `auth_permission` VALUES ('25', 'Can add notification', '9', 'add_notification');
INSERT INTO `auth_permission` VALUES ('26', 'Can change notification', '9', 'change_notification');
INSERT INTO `auth_permission` VALUES ('27', 'Can delete notification', '9', 'delete_notification');
INSERT INTO `auth_permission` VALUES ('28', 'Can add accessories', '10', 'add_accessories');
INSERT INTO `auth_permission` VALUES ('29', 'Can change accessories', '10', 'change_accessories');
INSERT INTO `auth_permission` VALUES ('30', 'Can delete accessories', '10', 'delete_accessories');
INSERT INTO `auth_permission` VALUES ('31', 'Can add review', '11', 'add_review');
INSERT INTO `auth_permission` VALUES ('32', 'Can change review', '11', 'change_review');
INSERT INTO `auth_permission` VALUES ('33', 'Can delete review', '11', 'delete_review');
INSERT INTO `auth_permission` VALUES ('34', 'Can add review project', '12', 'add_reviewproject');
INSERT INTO `auth_permission` VALUES ('35', 'Can change review project', '12', 'change_reviewproject');
INSERT INTO `auth_permission` VALUES ('36', 'Can delete review project', '12', 'delete_reviewproject');
INSERT INTO `auth_permission` VALUES ('37', 'Can add project', '13', 'add_project');
INSERT INTO `auth_permission` VALUES ('38', 'Can change project', '13', 'change_project');
INSERT INTO `auth_permission` VALUES ('39', 'Can delete project', '13', 'delete_project');
INSERT INTO `auth_permission` VALUES ('40', 'Can add science type', '14', 'add_sciencetype');
INSERT INTO `auth_permission` VALUES ('41', 'Can change science type', '14', 'change_sciencetype');
INSERT INTO `auth_permission` VALUES ('42', 'Can delete science type', '14', 'delete_sciencetype');

-- ----------------------------
-- Table structure for auth_user
-- ----------------------------
DROP TABLE IF EXISTS `auth_user`;
CREATE TABLE `auth_user` (
  `id` int(11) NOT NULL AUTO_INCREMENT,
  `password` varchar(128) COLLATE utf8_unicode_ci NOT NULL,
  `last_login` datetime DEFAULT NULL,
  `is_superuser` tinyint(1) NOT NULL,
  `username` varchar(30) COLLATE utf8_unicode_ci NOT NULL,
  `first_name` varchar(30) COLLATE utf8_unicode_ci NOT NULL,
  `last_name` varchar(30) COLLATE utf8_unicode_ci NOT NULL,
  `email` varchar(254) COLLATE utf8_unicode_ci NOT NULL,
  `is_staff` tinyint(1) NOT NULL,
  `is_active` tinyint(1) NOT NULL,
  `date_joined` datetime NOT NULL,
  PRIMARY KEY (`id`),
  UNIQUE KEY `username` (`username`)
) ENGINE=InnoDB DEFAULT CHARSET=utf8 COLLATE=utf8_unicode_ci;

-- ----------------------------
-- Records of auth_user
-- ----------------------------

-- ----------------------------
-- Table structure for auth_user_groups
-- ----------------------------
DROP TABLE IF EXISTS `auth_user_groups`;
CREATE TABLE `auth_user_groups` (
  `id` int(11) NOT NULL AUTO_INCREMENT,
  `user_id` int(11) NOT NULL,
  `group_id` int(11) NOT NULL,
  PRIMARY KEY (`id`),
  UNIQUE KEY `user_id` (`user_id`,`group_id`),
  KEY `auth_user_groups_group_id_30a071c9_fk_auth_group_id` (`group_id`),
  CONSTRAINT `auth_user_groups_group_id_30a071c9_fk_auth_group_id` FOREIGN KEY (`group_id`) REFERENCES `auth_group` (`id`),
  CONSTRAINT `auth_user_groups_user_id_24702650_fk_auth_user_id` FOREIGN KEY (`user_id`) REFERENCES `auth_user` (`id`)
) ENGINE=InnoDB DEFAULT CHARSET=utf8 COLLATE=utf8_unicode_ci;

-- ----------------------------
-- Records of auth_user_groups
-- ----------------------------

-- ----------------------------
-- Table structure for auth_user_user_permissions
-- ----------------------------
DROP TABLE IF EXISTS `auth_user_user_permissions`;
CREATE TABLE `auth_user_user_permissions` (
  `id` int(11) NOT NULL AUTO_INCREMENT,
  `user_id` int(11) NOT NULL,
  `permission_id` int(11) NOT NULL,
  PRIMARY KEY (`id`),
  UNIQUE KEY `user_id` (`user_id`,`permission_id`),
  KEY `auth_user_user_perm_permission_id_3d7071f0_fk_auth_permission_id` (`permission_id`),
  CONSTRAINT `auth_user_user_perm_permission_id_3d7071f0_fk_auth_permission_id` FOREIGN KEY (`permission_id`) REFERENCES `auth_permission` (`id`),
  CONSTRAINT `auth_user_user_permissions_user_id_7cd7acb6_fk_auth_user_id` FOREIGN KEY (`user_id`) REFERENCES `auth_user` (`id`)
) ENGINE=InnoDB DEFAULT CHARSET=utf8 COLLATE=utf8_unicode_ci;

-- ----------------------------
-- Records of auth_user_user_permissions
-- ----------------------------

-- ----------------------------
-- Table structure for django_admin_log
-- ----------------------------
DROP TABLE IF EXISTS `django_admin_log`;
CREATE TABLE `django_admin_log` (
  `id` int(11) NOT NULL AUTO_INCREMENT,
  `action_time` datetime NOT NULL,
  `object_id` longtext COLLATE utf8_unicode_ci,
  `object_repr` varchar(200) COLLATE utf8_unicode_ci NOT NULL,
  `action_flag` smallint(5) unsigned NOT NULL,
  `change_message` longtext COLLATE utf8_unicode_ci NOT NULL,
  `content_type_id` int(11) DEFAULT NULL,
  `user_id` int(11) NOT NULL,
  PRIMARY KEY (`id`),
  KEY `django_admin__content_type_id_5151027a_fk_django_content_type_id` (`content_type_id`),
  KEY `django_admin_log_user_id_1c5f563_fk_auth_user_id` (`user_id`),
  CONSTRAINT `django_admin__content_type_id_5151027a_fk_django_content_type_id` FOREIGN KEY (`content_type_id`) REFERENCES `django_content_type` (`id`),
  CONSTRAINT `django_admin_log_user_id_1c5f563_fk_auth_user_id` FOREIGN KEY (`user_id`) REFERENCES `auth_user` (`id`)
) ENGINE=InnoDB DEFAULT CHARSET=utf8 COLLATE=utf8_unicode_ci;

-- ----------------------------
-- Records of django_admin_log
-- ----------------------------

-- ----------------------------
-- Table structure for django_content_type
-- ----------------------------
DROP TABLE IF EXISTS `django_content_type`;
CREATE TABLE `django_content_type` (
  `id` int(11) NOT NULL AUTO_INCREMENT,
  `app_label` varchar(100) COLLATE utf8_unicode_ci NOT NULL,
  `model` varchar(100) COLLATE utf8_unicode_ci NOT NULL,
  PRIMARY KEY (`id`),
  UNIQUE KEY `django_content_type_app_label_3ec8c61c_uniq` (`app_label`,`model`)
) ENGINE=InnoDB AUTO_INCREMENT=15 DEFAULT CHARSET=utf8 COLLATE=utf8_unicode_ci;

-- ----------------------------
-- Records of django_content_type
-- ----------------------------
INSERT INTO `django_content_type` VALUES ('1', 'admin', 'logentry');
INSERT INTO `django_content_type` VALUES ('3', 'auth', 'group');
INSERT INTO `django_content_type` VALUES ('2', 'auth', 'permission');
INSERT INTO `django_content_type` VALUES ('4', 'auth', 'user');
INSERT INTO `django_content_type` VALUES ('5', 'contenttypes', 'contenttype');
INSERT INTO `django_content_type` VALUES ('10', 'public_module', 'accessories');
INSERT INTO `django_content_type` VALUES ('9', 'public_module', 'notification');
INSERT INTO `django_content_type` VALUES ('13', 'public_module', 'project');
INSERT INTO `django_content_type` VALUES ('11', 'public_module', 'review');
INSERT INTO `django_content_type` VALUES ('12', 'public_module', 'reviewproject');
INSERT INTO `django_content_type` VALUES ('14', 'public_module', 'sciencetype');
INSERT INTO `django_content_type` VALUES ('8', 'public_module', 'userinfo');
INSERT INTO `django_content_type` VALUES ('7', 'public_module', 'userlogin');
INSERT INTO `django_content_type` VALUES ('6', 'sessions', 'session');

-- ----------------------------
-- Table structure for django_migrations
-- ----------------------------
DROP TABLE IF EXISTS `django_migrations`;
CREATE TABLE `django_migrations` (
  `id` int(11) NOT NULL AUTO_INCREMENT,
  `app` varchar(255) COLLATE utf8_unicode_ci NOT NULL,
  `name` varchar(255) COLLATE utf8_unicode_ci NOT NULL,
  `applied` datetime NOT NULL,
  PRIMARY KEY (`id`)
) ENGINE=InnoDB AUTO_INCREMENT=19 DEFAULT CHARSET=utf8 COLLATE=utf8_unicode_ci;

-- ----------------------------
-- Records of django_migrations
-- ----------------------------
INSERT INTO `django_migrations` VALUES ('1', 'contenttypes', '0001_initial', '2019-04-14 06:09:11');
INSERT INTO `django_migrations` VALUES ('2', 'auth', '0001_initial', '2019-04-14 06:09:12');
INSERT INTO `django_migrations` VALUES ('3', 'admin', '0001_initial', '2019-04-14 06:09:12');
INSERT INTO `django_migrations` VALUES ('4', 'contenttypes', '0002_remove_content_type_name', '2019-04-14 06:09:12');
INSERT INTO `django_migrations` VALUES ('5', 'auth', '0002_alter_permission_name_max_length', '2019-04-14 06:09:12');
INSERT INTO `django_migrations` VALUES ('6', 'auth', '0003_alter_user_email_max_length', '2019-04-14 06:09:12');
INSERT INTO `django_migrations` VALUES ('7', 'auth', '0004_alter_user_username_opts', '2019-04-14 06:09:12');
INSERT INTO `django_migrations` VALUES ('8', 'auth', '0005_alter_user_last_login_null', '2019-04-14 06:09:13');
INSERT INTO `django_migrations` VALUES ('9', 'auth', '0006_require_contenttypes_0002', '2019-04-14 06:09:13');
INSERT INTO `django_migrations` VALUES ('10', 'public_module', '0001_initial', '2019-04-14 06:09:13');
INSERT INTO `django_migrations` VALUES ('11', 'sessions', '0001_initial', '2019-04-14 06:09:13');
INSERT INTO `django_migrations` VALUES ('12', 'public_module', '0002_auto_20190416_1454', '2019-04-16 06:54:13');
INSERT INTO `django_migrations` VALUES ('13', 'public_module', '0003_auto_20190416_1458', '2019-04-16 06:58:38');
INSERT INTO `django_migrations` VALUES ('14', 'public_module', '0004_auto_20190417_2300', '2019-04-17 15:00:48');
INSERT INTO `django_migrations` VALUES ('15', 'public_module', '0005_project_project_status', '2019-04-22 15:32:50');
INSERT INTO `django_migrations` VALUES ('16', 'public_module', '0006_auto_20190423_2327', '2019-04-23 15:27:43');
INSERT INTO `django_migrations` VALUES ('17', 'public_module', '0007_sciencetype', '2019-05-06 15:23:49');
INSERT INTO `django_migrations` VALUES ('18', 'public_module', '0008_auto_20190507_2004', '2019-05-07 12:04:11');

-- ----------------------------
-- Table structure for django_session
-- ----------------------------
DROP TABLE IF EXISTS `django_session`;
CREATE TABLE `django_session` (
  `session_key` varchar(40) COLLATE utf8_unicode_ci NOT NULL,
  `session_data` longtext COLLATE utf8_unicode_ci NOT NULL,
  `expire_date` datetime NOT NULL,
  PRIMARY KEY (`session_key`),
  KEY `django_session_de54fa62` (`expire_date`)
) ENGINE=InnoDB DEFAULT CHARSET=utf8 COLLATE=utf8_unicode_ci;

-- ----------------------------
-- Records of django_session
-- ----------------------------
INSERT INTO `django_session` VALUES ('2zfnvkjw7idvm3zsh2ix45i2k5txjkbt', 'YTVmN2IxMWE0ZWYxMGJlYTU3ZmQyNDY4OWJiN2EzMTNjM2YyNzVhZDp7Im5vdGlmaWNhdGlvbl9pZCI6ImRkZWQ4NjkxLTY2MGQtMTFlOS1hNWJlLTljYjZkMDFkNTFkMiIsInVzZXJfaWQiOiIzIiwiYXBwbHlfcHJvamVjdF9pZCI6IjIzNTk4MzAwLTdhNzItMTFlOS1hZmUyLTljYjZkMDFkNTFkMiIsInVzZXJfdHlwZSI6MiwidXNlciI6eyJ1c2VybmFtZSI6InJldmlldyIsInVzZXJfdHlwZSI6Mn0sInByb2plY3RfaWQiOiI1NzdhMGFlMS03ZTIwLTExZTktOGVlNy05Y2I2ZDAxZDUxZDIifQ==', '2019-06-08 03:24:07');
INSERT INTO `django_session` VALUES ('42pway52t9nxquh0g1wl4msfyc5bc5ft', 'OWQ1NDE5YmVjYTBmN2ZhMjJjYjU1Mzk2MmM0YmFhYWUzZWMxYjY2MTp7InByb2plY3RfaWQiOiIyNTY1ZWNiMC02NjU5LTExZTktYTI0Mi05Y2I2ZDAxZDUxZDIiLCJ1c2VyX2lkIjoiMyIsInVzZXIiOnsidXNlcm5hbWUiOiJyZXZpZXciLCJ1c2VyX3R5cGUiOjJ9LCJ1c2VyX3R5cGUiOjJ9', '2019-05-08 06:22:35');
INSERT INTO `django_session` VALUES ('4i1bpxwqnjv2qc3l4ibv9vyesd6hxcy4', 'ZDg3OGE2MGIyZjcwMTBjNzIyZjIzMGFhMmY0NDgzYjU3ODNiODcyZDp7InByb2plY3RfaWQiOiI3ZDBhODEwMC03YTU1LTExZTktYjlkZS05Y2I2ZDAxZDUxZDIiLCJ1c2VyX2lkIjoiMyIsInVzZXIiOnsidXNlcm5hbWUiOiJyZXZpZXciLCJ1c2VyX3R5cGUiOjJ9LCJ1c2VyX3R5cGUiOjJ9', '2019-06-02 18:19:07');
INSERT INTO `django_session` VALUES ('5ygjdadostg43hk3r6mw5alulq79qyto', 'MzUzYWYyM2ZkMzlkNzU1MmJmZTY4ODg5ZWJhZGZmOTk2YWNlZGYwMzp7Im5vdGlmaWNhdGlvbl9pZCI6IjQzOTQyMDQwLTcwMjYtMTFlOS1hNDIwLTljYjZkMDFkNTFkMiIsInVzZXJfaWQiOiI0IiwiYXBwbHlfcHJvamVjdF9pZCI6ImU5NGI1YTQwLTc3NDEtMTFlOS1hNGY5LTljYjZkMDFkNTFkMiIsInVzZXJfdHlwZSI6MiwidXNlciI6eyJ1c2VybmFtZSI6InJldmlldzIiLCJ1c2VyX3R5cGUiOjJ9LCJwcm9qZWN0X2lkIjoiN2QwYTgxMDAtN2E1NS0xMWU5LWI5ZGUtOWNiNmQwMWQ1MWQyIn0=', '2019-06-02 18:06:02');
INSERT INTO `django_session` VALUES ('elabsx1utinrswez8stg2yd5bg6vec74', 'ZWZiYzRmNjFmODY2MGE3MDM1YmEzOWE1NWE4YTFhOGU0MmNlNzVkMDp7InVzZXIiOnsidXNlcm5hbWUiOiJhZG1pbiJ9LCJ1c2VyX3R5cGUiOjB9', '2019-04-28 16:13:06');
INSERT INTO `django_session` VALUES ('gndl0y24s6itrqps36bbpemz9aabf5cb', 'MGU2ODgxMzY1YjZiZmZiOTNhYzBlMDEyMzQ2YWQ2ZDZlM2ZlZTI5Njp7Im5vdGlmaWNhdGlvbl9pZCI6IjQzOTQyMDQwLTcwMjYtMTFlOS1hNDIwLTljYjZkMDFkNTFkMiIsInVzZXJfaWQiOiIxIiwiYXBwbHlfcHJvamVjdF9pZCI6ImJhMWY1YTgwLTgxZWQtMTFlOS1iNWNkLTljYjZkMDFkNTFkMiIsInVzZXJfdHlwZSI6MCwidXNlciI6eyJ1c2VybmFtZSI6ImFkbWluIiwidXNlcl90eXBlIjowfSwicHJvamVjdF9pZCI6ImJhMWY1YTgwLTgxZWQtMTFlOS1iNWNkLTljYjZkMDFkNTFkMiJ9', '2019-06-12 08:47:37');
INSERT INTO `django_session` VALUES ('h4533xf9eyocwp67hq0r6n2uketvm89t', 'ODBmOGE0MzY1MmUwNmE5YWY3MWY3MWI0ZmJjOTVhODliYjY3Y2QzNzp7InVzZXJfaWQiOiIyIiwidXNlciI6eyJ1c2VybmFtZSI6ImFwcGx5IiwidXNlcl90eXBlIjoxfSwiYXBwbHlfcHJvamVjdF9pZCI6IjBkYTcyNmMwLTdhNjMtMTFlOS04ZTQ2LTljYjZkMDFkNTFkMiIsInVzZXJfdHlwZSI6MX0=', '2019-06-02 18:22:26');
INSERT INTO `django_session` VALUES ('khn9gvyg1fn7ww4n9iemclv3vtg94eea', 'Y2E0MGU2YjVmZDcyYjBiOGU4MTI3M2NmMGM4YzgwNmRkNTg2YTlmMTp7InVzZXJfaWQiOiIxIiwidXNlciI6eyJ1c2VybmFtZSI6ImFkbWluIiwidXNlcl90eXBlIjowfSwidXNlcl90eXBlIjowfQ==', '2019-04-30 17:36:25');
INSERT INTO `django_session` VALUES ('klgpkx6h642a21jrjss4rhwg9to0elvp', 'NWE1MDVjMjc4NTVlYTM3MzRiOGM1ZTE3NDk4MjUzZDE1ZDJiZjhiMTp7InByb2plY3RfaWQiOiI5OTFkZWQwZi03YTZkLTExZTktYjg2YS05Y2I2ZDAxZDUxZDIiLCJ1c2VyX2lkIjoiMiIsInVzZXIiOnsidXNlcm5hbWUiOiJhcHBseSIsInVzZXJfdHlwZSI6MX0sImFwcGx5X3Byb2plY3RfaWQiOiJjZDEzZmE1ZS03ZTliLTExZTktOWE4OC05Y2I2ZDAxZDUxZDIiLCJ1c2VyX3R5cGUiOjF9', '2019-06-08 03:18:43');
INSERT INTO `django_session` VALUES ('oynk972i90n8p5x9hjf35beglgwpsstc', 'M2UzN2Q1ODY5ZWVmMTZiZDRkOGFlNGM0MjhlZjQ2ZGNiNDRkOGJiOTp7Im5vdGlmaWNhdGlvbl9pZCI6ImE5MzJjNDAwLTYwYmUtMTFlOS1iNDM5LTljYjZkMDFkNTFkMiIsInVzZXJfaWQiOiIxIiwidXNlcl90eXBlIjowLCJhcHBseV9wcm9qZWN0X2lkIjoiYTc0YjBmMWUtNjUxYS0xMWU5LThkYWYtOWNiNmQwMWQ1MWQyIiwidXNlciI6eyJ1c2VybmFtZSI6ImFwcGx5IiwidXNlcl90eXBlIjoxfX0=', '2019-05-07 02:33:09');
INSERT INTO `django_session` VALUES ('xat55ng5dyv1cnbm5yfty3tdnsu2zurf', 'Mzc2OTc1YTcxNGQ3NzY5ZWUwYWM2Zjg4OTg4Y2IyY2NlZjc2NzA2ZDp7Im5vdGlmaWNhdGlvbl9pZCI6IjRmMmY0YjMwLTYwMTUtMTFlOS1iNDZlLTAwYWM5NGMwNDhhMCIsInVzZXJfaWQiOiIxIiwidXNlciI6eyJ1c2VybmFtZSI6ImFkbWluIiwidXNlcl90eXBlIjowfSwidXNlcl90eXBlIjowfQ==', '2019-04-30 16:54:51');
INSERT INTO `django_session` VALUES ('xn3l5tffrwba8tt4yutz6wx0j0twkwsj', 'MDVmZmI0ODEyMzMzZTYxYmU3Mjc2MGJmMDI2ODY2NWQxNjIwNTYyYjp7InVzZXIiOnsidXNlcm5hbWUiOiJhZG1pbiIsInVzZXJfdHlwZSI6MH0sInVzZXJfdHlwZSI6MH0=', '2019-04-30 03:20:13');

-- ----------------------------
-- Table structure for public_module_accessories
-- ----------------------------
DROP TABLE IF EXISTS `public_module_accessories`;
CREATE TABLE `public_module_accessories` (
  `id` int(11) NOT NULL AUTO_INCREMENT,
  `accessories_id` varchar(64) COLLATE utf8_unicode_ci NOT NULL,
  `project_id` varchar(64) COLLATE utf8_unicode_ci NOT NULL,
  `accessories_name` varchar(64) COLLATE utf8_unicode_ci NOT NULL,
  `accessories_url` varchar(64) COLLATE utf8_unicode_ci NOT NULL,
  `accessories_time` datetime NOT NULL,
  PRIMARY KEY (`id`)
) ENGINE=InnoDB AUTO_INCREMENT=41 DEFAULT CHARSET=utf8 COLLATE=utf8_unicode_ci;

-- ----------------------------
-- Records of public_module_accessories
-- ----------------------------
INSERT INTO `public_module_accessories` VALUES ('11', '5f19e8a1-6585-11e9-a725-9cb6d01d51d2', 'a74b0f1e-651a-11e9-8daf-9cb6d01d51d2', 'ueditor1_4_3_3-utf8-php.zip', '5f19e8a1-6585-11e9-a725-9cb6d01d51d2.zip', '2019-04-23 05:05:11');
INSERT INTO `public_module_accessories` VALUES ('12', '77d22fb0-6585-11e9-80a1-9cb6d01d51d2', 'a74b0f1e-651a-11e9-8daf-9cb6d01d51d2', '发票.png', '77d22fb0-6585-11e9-80a1-9cb6d01d51d2.png', '2019-04-23 05:05:52');
INSERT INTO `public_module_accessories` VALUES ('13', '7ff48d9e-6585-11e9-adf9-9cb6d01d51d2', 'a74b0f1e-651a-11e9-8daf-9cb6d01d51d2', 'bluescreenview_setup.exe', '7ff48d9e-6585-11e9-adf9-9cb6d01d51d2.exe', '2019-04-23 05:06:06');
INSERT INTO `public_module_accessories` VALUES ('14', '059a6b9e-6586-11e9-a1a1-9cb6d01d51d2', 'a74b0f1e-651a-11e9-8daf-9cb6d01d51d2', '031001600411_48116104.pdf', '059a6b9e-6586-11e9-a1a1-9cb6d01d51d2.pdf', '2019-04-23 05:09:50');
INSERT INTO `public_module_accessories` VALUES ('15', '0a705db0-6586-11e9-9eb1-9cb6d01d51d2', 'a74b0f1e-651a-11e9-8daf-9cb6d01d51d2', 'ueditor-1.4.3.3.zip', '0a705db0-6586-11e9-9eb1-9cb6d01d51d2.zip', '2019-04-23 05:09:58');
INSERT INTO `public_module_accessories` VALUES ('16', '7eaa66ae-660f-11e9-beb1-9cb6d01d51d2', '7799edee-660f-11e9-b4da-9cb6d01d51d2', '发票.png', '7eaa66ae-660f-11e9-beb1-9cb6d01d51d2.png', '2019-04-23 21:33:54');
INSERT INTO `public_module_accessories` VALUES ('17', '80a943f0-660f-11e9-962c-9cb6d01d51d2', '7799edee-660f-11e9-b4da-9cb6d01d51d2', '下载.png', '80a943f0-660f-11e9-962c-9cb6d01d51d2.png', '2019-04-23 21:33:58');
INSERT INTO `public_module_accessories` VALUES ('18', '067e9661-6610-11e9-9a2f-9cb6d01d51d2', '016d4900-6610-11e9-8435-9cb6d01d51d2', '发票.png', '067e9661-6610-11e9-9a2f-9cb6d01d51d2.png', '2019-04-23 21:37:42');
INSERT INTO `public_module_accessories` VALUES ('19', '07ba239e-6610-11e9-a4c8-9cb6d01d51d2', '016d4900-6610-11e9-8435-9cb6d01d51d2', '031001600411_48116104.pdf', '07ba239e-6610-11e9-a4c8-9cb6d01d51d2.pdf', '2019-04-23 21:37:44');
INSERT INTO `public_module_accessories` VALUES ('20', '85cb4840-6611-11e9-b05e-9cb6d01d51d2', '7c3276ee-6611-11e9-a1b7-9cb6d01d51d2', 'success.png', '85cb4840-6611-11e9-b05e-9cb6d01d51d2.png', '2019-04-23 21:48:25');
INSERT INTO `public_module_accessories` VALUES ('21', 'ac8252cf-6611-11e9-8026-9cb6d01d51d2', 'aab7cc00-6611-11e9-8747-9cb6d01d51d2', 'success.png', 'ac8252cf-6611-11e9-8026-9cb6d01d51d2.png', '2019-04-23 21:49:30');
INSERT INTO `public_module_accessories` VALUES ('22', 'adb99a4f-6611-11e9-9af5-9cb6d01d51d2', 'aab7cc00-6611-11e9-8747-9cb6d01d51d2', 'ueditor-1.4.3.3.zip', 'adb99a4f-6611-11e9-9af5-9cb6d01d51d2.zip', '2019-04-23 21:49:32');
INSERT INTO `public_module_accessories` VALUES ('23', 'dc8c9a30-6611-11e9-afdb-9cb6d01d51d2', 'd920714f-6611-11e9-af10-9cb6d01d51d2', '额.pdf', 'dc8c9a30-6611-11e9-afdb-9cb6d01d51d2.pdf', '2019-04-23 21:50:51');
INSERT INTO `public_module_accessories` VALUES ('24', '29b12af0-6659-11e9-9600-9cb6d01d51d2', '2565ecb0-6659-11e9-a242-9cb6d01d51d2', 'index.html', '29b12af0-6659-11e9-9600-9cb6d01d51d2.html', '2019-04-24 06:21:14');
INSERT INTO `public_module_accessories` VALUES ('25', '090cf45e-717f-11e9-840a-9cb6d01d51d2', '074ea28f-717f-11e9-954d-9cb6d01d51d2', 'chrome.exe', '090cf45e-717f-11e9-840a-9cb6d01d51d2.exe', '2019-05-08 10:50:03');
INSERT INTO `public_module_accessories` VALUES ('26', '8df95f8f-7a55-11e9-bd81-9cb6d01d51d2', '7d0a8100-7a55-11e9-b9de-9cb6d01d51d2', 'Code.exe', '8df95f8f-7a55-11e9-bd81-9cb6d01d51d2.exe', '2019-05-19 16:45:48');
INSERT INTO `public_module_accessories` VALUES ('27', '95a491ae-7a55-11e9-9d82-9cb6d01d51d2', '7d0a8100-7a55-11e9-b9de-9cb6d01d51d2', '15信科1班名单.xls', '95a491ae-7a55-11e9-9d82-9cb6d01d51d2.xls', '2019-05-19 16:46:01');
INSERT INTO `public_module_accessories` VALUES ('28', '72f7b1cf-7a62-11e9-9a42-9cb6d01d51d2', '6fc891f0-7a62-11e9-b2c0-9cb6d01d51d2', '15信科1班名单.xls', '72f7b1cf-7a62-11e9-9a42-9cb6d01d51d2.xls', '2019-05-19 18:18:06');
INSERT INTO `public_module_accessories` VALUES ('29', '0fc8590f-7a63-11e9-965a-9cb6d01d51d2', '0da726c0-7a63-11e9-8e46-9cb6d01d51d2', '-2b26206212792722.jpg', '0fc8590f-7a63-11e9-965a-9cb6d01d51d2.jpg', '2019-05-19 18:22:29');
INSERT INTO `public_module_accessories` VALUES ('30', '111376b0-7a63-11e9-b8a2-9cb6d01d51d2', '0da726c0-7a63-11e9-8e46-9cb6d01d51d2', '-2c09b721e26b044d.jpg', '111376b0-7a63-11e9-b8a2-9cb6d01d51d2.jpg', '2019-05-19 18:22:31');
INSERT INTO `public_module_accessories` VALUES ('31', '9d4ffe00-7a6d-11e9-b2bb-9cb6d01d51d2', '991ded0f-7a6d-11e9-b86a-9cb6d01d51d2', 'Update.exe', '9d4ffe00-7a6d-11e9-b2bb-9cb6d01d51d2.exe', '2019-05-19 19:38:02');
INSERT INTO `public_module_accessories` VALUES ('32', 'a10e658f-7a6d-11e9-9f8a-9cb6d01d51d2', '991ded0f-7a6d-11e9-b86a-9cb6d01d51d2', 'Update.exe', 'a10e658f-7a6d-11e9-9f8a-9cb6d01d51d2.exe', '2019-05-19 19:38:08');
INSERT INTO `public_module_accessories` VALUES ('33', '6ab52e70-7a72-11e9-8b04-9cb6d01d51d2', '23598300-7a72-11e9-afe2-9cb6d01d51d2', '长沙学院“应用化学”省重点建设学科——光催化技术与应用方向建设.pdf', '6ab52e70-7a72-11e9-8b04-9cb6d01d51d2.pdf', '2019-05-19 20:12:24');
INSERT INTO `public_module_accessories` VALUES ('34', '271b778f-7a73-11e9-bf0a-9cb6d01d51d2', '1265a5f0-7a73-11e9-a7fe-9cb6d01d51d2', '基于4G网的视频服务器的产品开发与产业化培育.pdf', '271b778f-7a73-11e9-bf0a-9cb6d01d51d2.pdf', '2019-05-19 20:17:40');
INSERT INTO `public_module_accessories` VALUES ('35', '21fe315e-7a75-11e9-96ad-9cb6d01d51d2', 'fe40decf-7a74-11e9-b3be-9cb6d01d51d2', '等离子喷涂纳米复合耐磨涂层的技术开发.pdf', '21fe315e-7a75-11e9-96ad-9cb6d01d51d2.pdf', '2019-05-19 20:31:51');
INSERT INTO `public_module_accessories` VALUES ('36', 'a9115e30-7a79-11e9-820c-9cb6d01d51d2', 'fe40decf-7a74-11e9-b3be-9cb6d01d51d2', '基于云架构的区域医疗信息平台研发.pdf', 'a9115e30-7a79-11e9-820c-9cb6d01d51d2.pdf', '2019-05-19 21:04:15');
INSERT INTO `public_module_accessories` VALUES ('37', '9c1f5a4f-7a7a-11e9-b3d8-9cb6d01d51d2', '87d1e770-7a7a-11e9-9d01-9cb6d01d51d2', '长沙学院电子信息科研平台城市计算与智能服务实验室建设.pdf', '9c1f5a4f-7a7a-11e9-b3d8-9cb6d01d51d2.pdf', '2019-05-19 21:11:03');
INSERT INTO `public_module_accessories` VALUES ('38', '6c7aa11e-7e20-11e9-b2db-9cb6d01d51d2', '577a0ae1-7e20-11e9-8ee7-9cb6d01d51d2', '等离子喷涂纳米复合耐磨涂层的技术开发.pdf', '6c7aa11e-7e20-11e9-b2db-9cb6d01d51d2.pdf', '2019-05-24 12:35:33');
INSERT INTO `public_module_accessories` VALUES ('39', 'cff98e21-7e9b-11e9-aed8-9cb6d01d51d2', 'cd13fa5e-7e9b-11e9-9a88-9cb6d01d51d2', 'ccsu_20190520040506192Report.pdf', 'cff98e21-7e9b-11e9-aed8-9cb6d01d51d2.pdf', '2019-05-25 03:18:48');
INSERT INTO `public_module_accessories` VALUES ('40', 'bdf58fcf-81ed-11e9-be56-9cb6d01d51d2', 'ba1f5a80-81ed-11e9-b5cd-9cb6d01d51d2', 'ccsu_20190520040506192Report.pdf', 'bdf58fcf-81ed-11e9-be56-9cb6d01d51d2.pdf', '2019-05-29 08:42:50');

-- ----------------------------
-- Table structure for public_module_notification
-- ----------------------------
DROP TABLE IF EXISTS `public_module_notification`;
CREATE TABLE `public_module_notification` (
  `id` int(11) NOT NULL AUTO_INCREMENT,
  `notification_id` varchar(64) COLLATE utf8_unicode_ci NOT NULL,
  `notification_title` varchar(32) COLLATE utf8_unicode_ci NOT NULL,
  `notification_content` longtext COLLATE utf8_unicode_ci NOT NULL,
  `create_user_id` varchar(64) COLLATE utf8_unicode_ci NOT NULL,
  `create_time` datetime NOT NULL,
  PRIMARY KEY (`id`)
) ENGINE=InnoDB AUTO_INCREMENT=17 DEFAULT CHARSET=utf8 COLLATE=utf8_unicode_ci;

-- ----------------------------
-- Records of public_module_notification
-- ----------------------------
INSERT INTO `public_module_notification` VALUES ('11', '0bf2a49e-6f0d-11e9-980e-9cb6d01d51d2', '关于组织申报2019年度湖南省科学技术奖工作的通知', '<p style=\"margin-top: 0px; margin-bottom: 0px; padding: 0px; font-size: 12px; font-family: Arial, 宋体, Helvetica, sans-serif; color: rgb(79, 79, 79); white-space: normal; background-color: rgb(255, 255, 255);\"><span style=\"margin: 0px; padding: 0px; font-size: 16px; font-family: 宋体;\">各单位：</span></p><p style=\"margin-top: 0px; margin-bottom: 0px; padding: 0px; font-size: 12px; font-family: Arial, 宋体, Helvetica, sans-serif; color: rgb(79, 79, 79); white-space: normal; background-color: rgb(255, 255, 255); line-height: 25px;\"><span style=\"margin: 0px; padding: 0px; font-size: 16px; font-family: 宋体;\">　　根据湖南省科技厅下发《关于</span><span style=\"margin: 0px; padding: 0px; font-size: 16px;\"><span style=\"margin: 0px; padding: 0px; font-size: 12px; font-family: Calibri;\">2019</span></span><span style=\"margin: 0px; padding: 0px; font-size: 16px; font-family: 宋体;\">年度湖南省科学技术奖提名工作的通知》（湘科计</span><span style=\"margin: 0px; padding: 0px; font-size: 16px; font-family: 宋体;\">﹝2019﹞14号</span><span style=\"margin: 0px; padding: 0px; font-size: 16px; font-family: 宋体;\">）精神，现将我校组织申报</span><span style=\"margin: 0px; padding: 0px; font-size: 16px;\"><span style=\"margin: 0px; padding: 0px; font-size: 12px; font-family: Calibri;\">2019</span></span><span style=\"margin: 0px; padding: 0px; font-size: 16px; font-family: 宋体;\">年度湖南省科学技术杰出贡献奖、湖南省自然科学奖、湖南省技术发明奖、湖南省科学技术进步奖、湖南省科学技术创新团队奖、湖南省国际科学技术合作奖的有关工作安排如下：　　</span></p><p style=\"margin-top: 0px; margin-bottom: 0px; padding: 0px; font-size: 12px; font-family: Arial, 宋体, Helvetica, sans-serif; color: rgb(79, 79, 79); white-space: normal; background-color: rgb(255, 255, 255); line-height: 25px;\"><span style=\"margin: 0px; padding: 0px; font-size: 16px; font-family: 宋体;\">　</span><span style=\"margin: 0px; padding: 0px; font-size: 16px;\"><span style=\"margin: 0px; padding: 0px; font-size: 12px; font-family: Calibri;\">&nbsp;<strong style=\"margin: 0px; padding: 0px;\">&nbsp;</strong></span></span><strong style=\"margin: 0px; padding: 0px;\"><span style=\"margin: 0px; padding: 0px; font-size: 16px; font-family: 宋体;\">一、提名方式</span></strong></p><p style=\"margin-top: 0px; margin-bottom: 0px; padding: 0px; font-size: 12px; font-family: Arial, 宋体, Helvetica, sans-serif; color: rgb(79, 79, 79); white-space: normal; background-color: rgb(255, 255, 255); line-height: 25px;\"><span style=\"margin: 0px; padding: 0px; font-size: 16px; font-family: 宋体;\">　　</span><span style=\"margin: 0px; padding: 0px; font-size: 16px;\"><span style=\"margin: 0px; padding: 0px; font-size: 12px; font-family: Calibri;\">2019</span></span><span style=\"margin: 0px; padding: 0px; font-size: 16px; font-family: 宋体;\">年省科学技术奖励提名工作采取提名单位、提名专家提名的方式。学校将统一通过长沙市科技局进行提名申报，如有需通过其他单位或专家提名的，请申报人自行联系，并按照相关要求自行申报。具有提名资格的单位和专家名单，详见附件</span><span style=\"margin: 0px; padding: 0px; font-size: 16px;\"><span style=\"margin: 0px; padding: 0px; font-size: 12px; font-family: Calibri;\">1</span></span><span style=\"margin: 0px; padding: 0px; font-size: 16px; font-family: 宋体;\">、</span><span style=\"margin: 0px; padding: 0px; font-size: 16px;\"><span style=\"margin: 0px; padding: 0px; font-size: 12px; font-family: Calibri;\">2</span></span><span style=\"margin: 0px; padding: 0px; font-size: 16px; font-family: 宋体;\">。</span></p><p style=\"margin-top: 0px; margin-bottom: 0px; padding: 0px; font-size: 12px; font-family: Arial, 宋体, Helvetica, sans-serif; color: rgb(79, 79, 79); white-space: normal; background-color: rgb(255, 255, 255); line-height: 25px; text-indent: 32px;\"><strong style=\"margin: 0px; padding: 0px;\"><span style=\"margin: 0px; padding: 0px; font-size: 16px; font-family: 宋体;\">二、申报提名项目（团队、人选）的基本条件和相关要求</span></strong></p><p style=\"margin-top: 0px; margin-bottom: 0px; padding: 0px; font-size: 12px; font-family: Arial, 宋体, Helvetica, sans-serif; color: rgb(79, 79, 79); white-space: normal; background-color: rgb(255, 255, 255); line-height: 25px;\"><span style=\"margin: 0px; padding: 0px; font-size: 16px; font-family: 宋体;\">　　提名项目（团队、人选）必须符合《湖南省科学技术奖励办法》及其实施细则的有关要求，还必须满足以下条件：</span></p><p style=\"margin-top: 0px; margin-bottom: 0px; padding: 0px; font-size: 12px; font-family: Arial, 宋体, Helvetica, sans-serif; color: rgb(79, 79, 79); white-space: normal; background-color: rgb(255, 255, 255); line-height: 25px;\"><span style=\"margin: 0px; padding: 0px; font-size: 16px; font-family: 宋体;\">　　</span><span style=\"margin: 0px; padding: 0px; font-size: 16px;\"><span style=\"margin: 0px; padding: 0px; font-size: 12px; font-family: Calibri;\">1.&nbsp;</span></span><span style=\"margin: 0px; padding: 0px; font-size: 16px; font-family: 宋体;\">提名自然科学奖提供的论文论著应当于</span><span style=\"margin: 0px; padding: 0px; font-size: 16px;\"><span style=\"margin: 0px; padding: 0px; font-size: 12px; font-family: Calibri;\">2017</span></span><span style=\"margin: 0px; padding: 0px; font-size: 16px; font-family: 宋体;\">年</span><span style=\"margin: 0px; padding: 0px; font-size: 16px;\"><span style=\"margin: 0px; padding: 0px; font-size: 12px; font-family: Calibri;\">12</span></span><span style=\"margin: 0px; padding: 0px; font-size: 16px; font-family: 宋体;\">月</span><span style=\"margin: 0px; padding: 0px; font-size: 16px;\"><span style=\"margin: 0px; padding: 0px; font-size: 12px; font-family: Calibri;\">31</span></span><span style=\"margin: 0px; padding: 0px; font-size: 16px; font-family: 宋体;\">日前公开发表，技术发明奖和科技进步奖项目应当于</span><span style=\"margin: 0px; padding: 0px; font-size: 16px;\"><span style=\"margin: 0px; padding: 0px; font-size: 12px; font-family: Calibri;\">2017</span></span><span style=\"margin: 0px; padding: 0px; font-size: 16px; font-family: 宋体;\">年</span><span style=\"margin: 0px; padding: 0px; font-size: 16px;\"><span style=\"margin: 0px; padding: 0px; font-size: 12px; font-family: Calibri;\">12</span></span><span style=\"margin: 0px; padding: 0px; font-size: 16px; font-family: 宋体;\">月</span><span style=\"margin: 0px; padding: 0px; font-size: 16px;\"><span style=\"margin: 0px; padding: 0px; font-size: 12px; font-family: Calibri;\">31</span></span><span style=\"margin: 0px; padding: 0px; font-size: 16px; font-family: 宋体;\">日前完成整体技术应用。提名创新团队奖的团队成立时间须在</span><span style=\"margin: 0px; padding: 0px; font-size: 16px;\"><span style=\"margin: 0px; padding: 0px; font-size: 12px; font-family: Calibri;\">10</span></span><span style=\"margin: 0px; padding: 0px; font-size: 16px; font-family: 宋体;\">年以上。</span></p><p style=\"margin-top: 0px; margin-bottom: 0px; padding: 0px; font-size: 12px; font-family: Arial, 宋体, Helvetica, sans-serif; color: rgb(79, 79, 79); white-space: normal; background-color: rgb(255, 255, 255); line-height: 25px;\"><span style=\"margin: 0px; padding: 0px; font-size: 16px; font-family: 宋体;\">　　</span><span style=\"margin: 0px; padding: 0px; font-size: 16px;\"><span style=\"margin: 0px; padding: 0px; font-size: 12px; font-family: Calibri;\">2.&nbsp;</span></span><span style=\"margin: 0px; padding: 0px; font-size: 16px; font-family: 宋体;\">列入国家或省部级计划、基金的项目，应当在项目整体验收通过后提名。自筹经费的项目不受此条限制，但须出具项目成果评价报告。</span></p><p style=\"margin-top: 0px; margin-bottom: 0px; padding: 0px; font-size: 12px; font-family: Arial, 宋体, Helvetica, sans-serif; color: rgb(79, 79, 79); white-space: normal; background-color: rgb(255, 255, 255); line-height: 25px;\"><span style=\"margin: 0px; padding: 0px; font-size: 16px; font-family: 宋体;\">　　</span><span style=\"margin: 0px; padding: 0px; font-size: 16px;\"><span style=\"margin: 0px; padding: 0px; font-size: 12px; font-family: Calibri;\">3. 2017</span></span><span style=\"margin: 0px; padding: 0px; font-size: 16px; font-family: 宋体;\">、</span><span style=\"margin: 0px; padding: 0px; font-size: 16px;\"><span style=\"margin: 0px; padding: 0px; font-size: 12px; font-family: Calibri;\">2018</span></span><span style=\"margin: 0px; padding: 0px; font-size: 16px; font-family: 宋体;\">年度省自然科学奖、技术发明奖和科技进步奖的前三完成人，不能作为前三完成人提名</span><span style=\"margin: 0px; padding: 0px; font-size: 16px;\"><span style=\"margin: 0px; padding: 0px; font-size: 12px; font-family: Calibri;\">2019</span></span><span style=\"margin: 0px; padding: 0px; font-size: 16px; font-family: 宋体;\">年度省自然科学奖、技术发明奖和科技进步奖。</span></p><p style=\"margin-top: 0px; margin-bottom: 0px; padding: 0px; font-size: 12px; font-family: Arial, 宋体, Helvetica, sans-serif; color: rgb(79, 79, 79); white-space: normal; background-color: rgb(255, 255, 255); line-height: 25px;\"><span style=\"margin: 0px; padding: 0px; font-size: 16px; font-family: 宋体;\">　　</span><span style=\"margin: 0px; padding: 0px; font-size: 16px;\"><span style=\"margin: 0px; padding: 0px; font-size: 12px; font-family: Calibri;\">4.&nbsp;</span></span><span style=\"margin: 0px; padding: 0px; font-size: 16px; font-family: 宋体;\">同一人同一年度只能作为一个提名项目（团队、人选）的完成人申报省杰出贡献奖、自然科学奖、技术发明奖、科技进步奖和创新团队奖。</span></p><p style=\"margin-top: 0px; margin-bottom: 0px; padding: 0px; font-size: 12px; font-family: Arial, 宋体, Helvetica, sans-serif; color: rgb(79, 79, 79); white-space: normal; background-color: rgb(255, 255, 255); line-height: 25px;\"><span style=\"margin: 0px; padding: 0px; font-size: 16px; font-family: 宋体;\">　　</span><span style=\"margin: 0px; padding: 0px; font-size: 16px;\"><span style=\"margin: 0px; padding: 0px; font-size: 12px; font-family: Calibri;\">5.&nbsp;</span></span><span style=\"margin: 0px; padding: 0px; font-size: 16px; font-family: 宋体;\">同一技术内容项目已获得省部级或者省部级以上政府奖励的，不得再提名参加省科技奖的评审。同一技术内容只能提名当年省科学技术奖的一个奖励类别。</span></p><p style=\"margin-top: 0px; margin-bottom: 0px; padding: 0px; font-size: 12px; font-family: Arial, 宋体, Helvetica, sans-serif; color: rgb(79, 79, 79); white-space: normal; background-color: rgb(255, 255, 255); line-height: 25px;\"><span style=\"margin: 0px; padding: 0px; font-size: 16px; font-family: 宋体;\">　　</span><span style=\"margin: 0px; padding: 0px; font-size: 16px;\"><span style=\"margin: 0px; padding: 0px; font-size: 12px; font-family: Calibri;\">6.&nbsp;</span></span><span style=\"margin: 0px; padding: 0px; font-size: 16px; font-family: 宋体;\">对于</span><span style=\"margin: 0px; padding: 0px; font-size: 16px;\"><span style=\"margin: 0px; padding: 0px; font-size: 12px; font-family: Calibri;\">2018</span></span><span style=\"margin: 0px; padding: 0px; font-size: 16px; font-family: 宋体;\">年度评审结果公布后要求退出评审的项目、团队、个人，不得提名</span><span style=\"margin: 0px; padding: 0px; font-size: 16px;\"><span style=\"margin: 0px; padding: 0px; font-size: 12px; font-family: Calibri;\">2019</span></span><span style=\"margin: 0px; padding: 0px; font-size: 16px; font-family: 宋体;\">年度省科学技术奖。</span></p><p style=\"margin-top: 0px; margin-bottom: 0px; padding: 0px; font-size: 12px; font-family: Arial, 宋体, Helvetica, sans-serif; color: rgb(79, 79, 79); white-space: normal; background-color: rgb(255, 255, 255); line-height: 25px;\"><span style=\"margin: 0px; padding: 0px; font-size: 16px; font-family: 宋体;\">　　</span><span style=\"margin: 0px; padding: 0px; font-size: 16px;\"><span style=\"margin: 0px; padding: 0px; font-size: 12px; font-family: Calibri;\">7.&nbsp;</span></span><span style=\"margin: 0px; padding: 0px; font-size: 16px; font-family: 宋体;\">为鼓励科研一线人员，项目投资业主一般不作为前三完成单位，前述单位未承担科研工作的人员不能作为前三完成人。</span></p><p style=\"margin-top: 0px; margin-bottom: 0px; padding: 0px; font-size: 12px; font-family: Arial, 宋体, Helvetica, sans-serif; color: rgb(79, 79, 79); white-space: normal; background-color: rgb(255, 255, 255); line-height: 25px;\"><span style=\"margin: 0px; padding: 0px; font-size: 16px; font-family: 宋体;\">　　</span><span style=\"margin: 0px; padding: 0px; font-size: 16px;\"><span style=\"margin: 0px; padding: 0px; font-size: 12px; font-family: Calibri;\">8.&nbsp;</span></span><span style=\"margin: 0px; padding: 0px; font-size: 16px; font-family: 宋体;\">实行定标定额评审。提名一等奖项目不再参评二、三等奖，提名二等奖项目不再参评三等奖。</span></p><p style=\"margin-top: 0px; margin-bottom: 0px; padding: 0px; font-size: 12px; font-family: Arial, 宋体, Helvetica, sans-serif; color: rgb(79, 79, 79); white-space: normal; background-color: rgb(255, 255, 255); line-height: 25px;\"><span style=\"margin: 0px; padding: 0px; font-size: 16px; font-family: 宋体;\">　　</span><span style=\"margin: 0px; padding: 0px; font-size: 16px;\"><span style=\"margin: 0px; padding: 0px; font-size: 12px; font-family: Calibri;\">9.&nbsp;</span></span><span style=\"margin: 0px; padding: 0px; font-size: 16px; font-family: 宋体;\">实行直接经济效益真实性核查。经第三方机构核查，低于认定率的，省科学技术奖励委员会将实行“一票否决”。</span></p><p style=\"margin-top: 0px; margin-bottom: 0px; padding: 0px; font-size: 12px; font-family: Arial, 宋体, Helvetica, sans-serif; color: rgb(79, 79, 79); white-space: normal; background-color: rgb(255, 255, 255); line-height: 25px;\"><span style=\"margin: 0px; padding: 0px; font-size: 16px; font-family: 宋体;\">　　<strong style=\"margin: 0px; padding: 0px; font-size: 12px;\">三、提名书填写要求</strong></span></p><p style=\"margin-top: 0px; margin-bottom: 0px; padding: 0px; font-size: 12px; font-family: Arial, 宋体, Helvetica, sans-serif; color: rgb(79, 79, 79); white-space: normal; background-color: rgb(255, 255, 255); line-height: 25px; text-indent: 28px;\"><span style=\"margin: 0px; padding: 0px; font-size: 16px; font-family: 宋体;\">请各申请提名项目按照《</span><span style=\"margin: 0px; padding: 0px; font-size: 16px;\"><span style=\"margin: 0px; padding: 0px; font-size: 12px; font-family: Calibri;\">2019</span></span><span style=\"margin: 0px; padding: 0px; font-size: 16px; font-family: 宋体;\">年度湖南省科学技术奖励提名工作手册》的要求，客观、如实、准确、完整填写。在填写前应当认真研读提名手册中提名书的各填写要求，重点突出项目的重要科学发现、主要技术发明或者科技创新内容。申请项目的提名书，需通过提名单位或提名专家的账户登录湖南省科学技术奖励综合业务管理平台，按照要求在线填写、提交和提名（学校申报账号由长沙市科技局分配后，再提供给项目申报人）。</span></p><p style=\"margin-top: 0px; margin-bottom: 0px; padding: 0px; font-size: 12px; font-family: Arial, 宋体, Helvetica, sans-serif; color: rgb(79, 79, 79); white-space: normal; background-color: rgb(255, 255, 255); line-height: 25px;\"><span style=\"margin: 0px; padding: 0px; font-size: 16px; font-family: 宋体;\">　　<strong style=\"margin: 0px; padding: 0px; font-size: 12px;\">四、提名公示要求</strong></span></p><p style=\"margin-top: 0px; margin-bottom: 0px; padding: 0px; font-size: 12px; font-family: Arial, 宋体, Helvetica, sans-serif; color: rgb(79, 79, 79); white-space: normal; background-color: rgb(255, 255, 255); line-height: 25px;\"><span style=\"margin: 0px; padding: 0px; font-size: 16px; font-family: 宋体;\">　　提名单位应通过网络或书面进行公示，同时，提名单位、提名专家应责成项目所有完成人所在单位进行公示。公示内容需按照《</span><span style=\"margin: 0px; padding: 0px; font-size: 16px;\"><span style=\"margin: 0px; padding: 0px; font-size: 12px; font-family: Calibri;\">2019</span></span><span style=\"margin: 0px; padding: 0px; font-size: 16px; font-family: 宋体;\">年度湖南省科学技术奖励提名工作手册》的要求进行。公示时间不得少于</span><span style=\"margin: 0px; padding: 0px; font-size: 16px;\"><span style=\"margin: 0px; padding: 0px; font-size: 12px; font-family: Calibri;\">5</span></span><span style=\"margin: 0px; padding: 0px; font-size: 16px; font-family: 宋体;\">个工作日，公示无异议或虽有异议但经核实处理后再次公示无异议的项目方可提名。公示情况需在网络提名截止前上传到湖南省科学技术奖励综合业务管理平台。</span></p><p style=\"margin-top: 0px; margin-bottom: 0px; padding: 0px; font-size: 12px; font-family: Arial, 宋体, Helvetica, sans-serif; color: rgb(79, 79, 79); white-space: normal; background-color: rgb(255, 255, 255); line-height: 25px;\"><span style=\"margin: 0px; padding: 0px; font-size: 16px; font-family: 宋体;\">　　<strong style=\"margin: 0px; padding: 0px; font-size: 12px;\">五、材料报送</strong></span></p><p style=\"margin-top: 0px; margin-bottom: 0px; padding: 0px; font-size: 12px; font-family: Arial, 宋体, Helvetica, sans-serif; color: rgb(79, 79, 79); white-space: normal; background-color: rgb(255, 255, 255); line-height: 25px; text-indent: 16px;\"><span style=\"margin: 0px; padding: 0px; font-size: 16px; font-family: 宋体;\">（一）提名材料</span></p><p style=\"margin-top: 0px; margin-bottom: 0px; padding: 0px; font-size: 12px; font-family: Arial, 宋体, Helvetica, sans-serif; color: rgb(79, 79, 79); white-space: normal; background-color: rgb(255, 255, 255); line-height: 25px;\"><span style=\"margin: 0px; padding: 0px; font-size: 16px; font-family: 宋体;\">　　</span><span style=\"margin: 0px; padding: 0px; font-size: 16px;\"><span style=\"margin: 0px; padding: 0px; font-size: 12px; font-family: Calibri;\">1.&nbsp;</span></span><span style=\"margin: 0px; padding: 0px; font-size: 16px; font-family: 宋体;\">通用项目（团队、人选）</span></p><p style=\"margin-top: 0px; margin-bottom: 0px; padding: 0px; font-size: 12px; font-family: Arial, 宋体, Helvetica, sans-serif; color: rgb(79, 79, 79); white-space: normal; background-color: rgb(255, 255, 255); line-height: 25px;\"><span style=\"margin: 0px; padding: 0px; font-size: 16px; font-family: 宋体;\">　　提名材料包括：（</span><span style=\"margin: 0px; padding: 0px; font-size: 16px;\"><span style=\"margin: 0px; padding: 0px; font-size: 12px; font-family: Calibri;\">1</span></span><span style=\"margin: 0px; padding: 0px; font-size: 16px; font-family: 宋体;\">）纸质提名书原件</span><span style=\"margin: 0px; padding: 0px; font-size: 16px;\"><span style=\"margin: 0px; padding: 0px; font-size: 12px; font-family: Calibri;\">2</span></span><span style=\"margin: 0px; padding: 0px; font-size: 16px; font-family: 宋体;\">份，主件、附件应一并装订，不要另加封皮，打印的提名书必须与电子版的内容一致；（</span><span style=\"margin: 0px; padding: 0px; font-size: 16px;\"><span style=\"margin: 0px; padding: 0px; font-size: 12px; font-family: Calibri;\">2</span></span><span style=\"margin: 0px; padding: 0px; font-size: 16px; font-family: 宋体;\">）提名书、附件的电子版</span><span style=\"margin: 0px; padding: 0px; font-size: 16px;\"><span style=\"margin: 0px; padding: 0px; font-size: 12px; font-family: Calibri;\">1</span></span><span style=\"margin: 0px; padding: 0px; font-size: 16px; font-family: 宋体;\">份（刻录在光盘上）；（</span><span style=\"margin: 0px; padding: 0px; font-size: 16px;\"><span style=\"margin: 0px; padding: 0px; font-size: 12px; font-family: Calibri;\">3</span></span><span style=\"margin: 0px; padding: 0px; font-size: 16px; font-family: 宋体;\">）科技进步奖科普类项目还需附</span><span style=\"margin: 0px; padding: 0px; font-size: 16px;\"><span style=\"margin: 0px; padding: 0px; font-size: 12px; font-family: Calibri;\">2</span></span><span style=\"margin: 0px; padding: 0px; font-size: 16px; font-family: 宋体;\">套科普作品。通用项目（团队、人选）提名材料（含纸质版和电子版）不得有任何涉密内容。</span></p><p style=\"margin-top: 0px; margin-bottom: 0px; padding: 0px; font-size: 12px; font-family: Arial, 宋体, Helvetica, sans-serif; color: rgb(79, 79, 79); white-space: normal; background-color: rgb(255, 255, 255); line-height: 25px;\"><span style=\"margin: 0px; padding: 0px; font-size: 16px; font-family: 宋体;\">　　</span><span style=\"margin: 0px; padding: 0px; font-size: 16px;\"><span style=\"margin: 0px; padding: 0px; font-size: 12px; font-family: Calibri;\">2.&nbsp;</span></span><span style=\"margin: 0px; padding: 0px; font-size: 16px; font-family: 宋体;\">杰出贡献奖候选人和创新团队奖候选团队如参与过涉密项目的研究，需候选人（团队）所在单位或有权审批项目密级的相关保密行政管理部门出具提名材料脱密审查证明，并加盖公章。该脱密审查证明随提名材料一并提交。</span></p><p style=\"margin-top: 0px; margin-bottom: 0px; padding: 0px; font-size: 12px; font-family: Arial, 宋体, Helvetica, sans-serif; color: rgb(79, 79, 79); white-space: normal; background-color: rgb(255, 255, 255); line-height: 25px; text-indent: 28px;\"><span style=\"margin: 0px; padding: 0px; font-size: 16px; font-family: 宋体;\">（二）报送时间安排</span></p><p style=\"margin-top: 0px; margin-bottom: 0px; padding: 0px; font-size: 12px; font-family: Arial, 宋体, Helvetica, sans-serif; color: rgb(79, 79, 79); white-space: normal; background-color: rgb(255, 255, 255); line-height: 25px; text-indent: 28px;\"><span style=\"margin: 0px; padding: 0px; font-size: 16px; font-family: 宋体;\">通过长沙市科技局提名申报的项目，请于</span><strong style=\"margin: 0px; padding: 0px;\"><span style=\"margin: 0px; padding: 0px; font-size: 16px;\"><span style=\"margin: 0px; padding: 0px; font-size: 12px; font-family: Calibri;\">2019</span></span></strong><strong style=\"margin: 0px; padding: 0px;\"><span style=\"margin: 0px; padding: 0px; font-size: 16px; font-family: 宋体;\">年</span></strong><strong style=\"margin: 0px; padding: 0px;\"><span style=\"margin: 0px; padding: 0px; font-size: 16px;\"><span style=\"margin: 0px; padding: 0px; font-size: 12px; font-family: Calibri;\">5</span></span></strong><strong style=\"margin: 0px; padding: 0px;\"><span style=\"margin: 0px; padding: 0px; font-size: 16px; font-family: 宋体;\">月</span></strong><strong style=\"margin: 0px; padding: 0px;\"><span style=\"margin: 0px; padding: 0px; font-size: 16px;\"><span style=\"margin: 0px; padding: 0px; font-size: 12px; font-family: Calibri;\">15</span></span></strong><strong style=\"margin: 0px; padding: 0px;\"><span style=\"margin: 0px; padding: 0px; font-size: 16px; font-family: 宋体;\">日</span></strong><span style=\"margin: 0px; padding: 0px; font-size: 16px; font-family: 宋体;\">前完成系统填报，并将申报材料报送至科技处（二办公楼</span><span style=\"margin: 0px; padding: 0px; font-size: 16px;\"><span style=\"margin: 0px; padding: 0px; font-size: 12px; font-family: Calibri;\">502</span></span><span style=\"margin: 0px; padding: 0px; font-size: 16px; font-family: 宋体;\">室）。</span></p><p style=\"margin-top: 0px; margin-bottom: 0px; padding: 0px; font-size: 12px; font-family: Arial, 宋体, Helvetica, sans-serif; color: rgb(79, 79, 79); white-space: normal; background-color: rgb(255, 255, 255); line-height: 25px;\"><span style=\"margin: 0px; padding: 0px; font-size: 16px; font-family: 宋体;\">　</span><span style=\"margin: 0px; padding: 0px; font-size: 16px;\"><span style=\"margin: 0px; padding: 0px; font-size: 12px; font-family: Calibri;\">&nbsp;&nbsp;</span></span><span style=\"margin: 0px; padding: 0px; font-size: 16px; font-family: 宋体;\">联系人：裴老师</span><span style=\"margin: 0px; padding: 0px; font-size: 16px;\"><span style=\"margin: 0px; padding: 0px; font-size: 12px; font-family: Calibri;\">&nbsp;&nbsp;&nbsp;&nbsp;</span></span><span style=\"margin: 0px; padding: 0px; font-size: 16px; font-family: 宋体;\">联系电话：</span><span style=\"margin: 0px; padding: 0px; font-size: 16px;\"><span style=\"margin: 0px; padding: 0px; font-size: 12px; font-family: Calibri;\">84261581&nbsp;</span></span></p><p style=\"margin-top: 0px; margin-bottom: 0px; padding: 0px; font-size: 12px; font-family: Arial, 宋体, Helvetica, sans-serif; color: rgb(79, 79, 79); white-space: normal; background-color: rgb(255, 255, 255); line-height: 25px;\"><span style=\"margin: 0px; padding: 0px; font-size: 16px; font-family: 宋体;\">　　</span></p><p style=\"margin-top: 0px; margin-bottom: 0px; padding: 0px; font-size: 12px; font-family: Arial, 宋体, Helvetica, sans-serif; color: rgb(79, 79, 79); white-space: normal; background-color: rgb(255, 255, 255); line-height: 25px;\"><span style=\"margin: 0px; padding: 0px; font-size: 16px; font-family: 宋体;\">　　附件：</span><span style=\"margin: 0px; padding: 0px; font-size: 16px;\"><span style=\"margin: 0px; padding: 0px; font-size: 12px; font-family: Calibri;\">1</span></span><span style=\"margin: 0px; padding: 0px; font-size: 16px; font-family: 宋体;\">、</span><span style=\"margin: 0px; padding: 0px; font-size: 16px;\"><span style=\"margin: 0px; padding: 0px; font-size: 12px; font-family: Calibri;\">2019</span></span><span style=\"margin: 0px; padding: 0px; font-size: 16px; font-family: 宋体;\">年度省科学技术奖提名单位及提名专家名单</span></p><p style=\"margin-top: 0px; margin-bottom: 0px; padding: 0px; font-size: 12px; font-family: Arial, 宋体, Helvetica, sans-serif; color: rgb(79, 79, 79); white-space: normal; background-color: rgb(255, 255, 255); line-height: 25px;\"><span style=\"margin: 0px; padding: 0px; font-size: 16px; font-family: 宋体;\">　　　　　</span><span style=\"margin: 0px; padding: 0px; font-size: 16px;\"><span style=\"margin: 0px; padding: 0px; font-size: 12px; font-family: Calibri;\">2</span></span><span style=\"margin: 0px; padding: 0px; font-size: 16px; font-family: 宋体;\">、</span><span style=\"margin: 0px; padding: 0px; font-size: 16px;\"><span style=\"margin: 0px; padding: 0px; font-size: 12px; font-family: Calibri;\">2019</span></span><span style=\"margin: 0px; padding: 0px; font-size: 16px; font-family: 宋体;\">年省科学技术奖提名单位</span></p><p style=\"margin-top: 0px; margin-bottom: 0px; padding: 0px; font-size: 12px; font-family: Arial, 宋体, Helvetica, sans-serif; color: rgb(79, 79, 79); white-space: normal; background-color: rgb(255, 255, 255); line-height: 25px; text-indent: 80px;\"><span style=\"margin: 0px; padding: 0px; font-size: 16px;\"><span style=\"margin: 0px; padding: 0px; font-size: 12px; font-family: Calibri;\">3</span></span><span style=\"margin: 0px; padding: 0px; font-size: 16px; font-family: 宋体;\">、关于</span><span style=\"margin: 0px; padding: 0px; font-size: 16px;\"><span style=\"margin: 0px; padding: 0px; font-size: 12px; font-family: Calibri;\">2019</span></span><span style=\"margin: 0px; padding: 0px; font-size: 16px; font-family: 宋体;\">年度湖南省科学技术将提名工作的通知</span></p><p style=\"margin-top: 0px; margin-bottom: 0px; padding: 0px; font-size: 12px; font-family: Arial, 宋体, Helvetica, sans-serif; color: rgb(79, 79, 79); white-space: normal; background-color: rgb(255, 255, 255); line-height: 25px; text-indent: 80px;\"><span style=\"margin: 0px; padding: 0px; font-size: 16px;\"><span style=\"margin: 0px; padding: 0px; font-size: 12px; font-family: Calibri;\">4</span></span><span style=\"margin: 0px; padding: 0px; font-size: 16px; font-family: 宋体;\">、</span><span style=\"margin: 0px; padding: 0px; font-size: 16px;\"><span style=\"margin: 0px; padding: 0px; font-size: 12px; font-family: Calibri;\">2019</span></span><span style=\"margin: 0px; padding: 0px; font-size: 16px; font-family: 宋体;\">年度湖南省科学技术奖励提名工作手册</span></p><p style=\"margin-top: 0px; margin-bottom: 0px; padding: 0px; font-size: 12px; font-family: Arial, 宋体, Helvetica, sans-serif; color: rgb(79, 79, 79); white-space: normal; background-color: rgb(255, 255, 255); line-height: 25px; text-indent: 80px;\"><span style=\"margin: 0px; padding: 0px; font-size: 16px;\"><span style=\"margin: 0px; padding: 0px; font-size: 12px; font-family: Calibri;\">5</span></span><span style=\"margin: 0px; padding: 0px; font-size: 16px; font-family: 宋体;\">、湖南省科学技术奖励办法实施细则</span></p><p style=\"margin-top: 0px; margin-bottom: 0px; padding: 0px; font-size: 12px; font-family: Arial, 宋体, Helvetica, sans-serif; color: rgb(79, 79, 79); white-space: normal; background-color: rgb(255, 255, 255); text-align: right; line-height: 25px; text-indent: 28px;\"><span style=\"margin: 0px; padding: 0px; font-size: 16px; font-family: 宋体; text-align: left;\">长沙学院科技处</span></p><p style=\"margin-top: 0px; margin-bottom: 0px; padding: 0px; font-size: 12px; font-family: Arial, 宋体, Helvetica, sans-serif; color: rgb(79, 79, 79); white-space: normal; background-color: rgb(255, 255, 255); text-align: right; line-height: 25px; text-indent: 28px;\"><span style=\"margin: 0px; padding: 0px; font-size: 16px; text-align: left;\"><span style=\"margin: 0px; padding: 0px; font-size: 12px; font-family: Calibri;\">2019</span></span><span style=\"margin: 0px; padding: 0px; font-size: 16px; font-family: 宋体; text-align: left;\">年</span><span style=\"margin: 0px; padding: 0px; font-size: 16px; text-align: left;\"><span style=\"margin: 0px; padding: 0px; font-size: 12px; font-family: Calibri;\">4</span></span><span style=\"margin: 0px; padding: 0px; font-size: 16px; font-family: 宋体; text-align: left;\">月</span><span style=\"margin: 0px; padding: 0px; font-size: 16px; text-align: left;\"><span style=\"margin: 0px; padding: 0px; font-size: 12px; font-family: Calibri;\">15</span></span><span style=\"margin: 0px; padding: 0px; font-size: 16px; font-family: 宋体; text-align: left;\">日</span></p><p><br/></p>', '1', '2019-05-05 08:09:03');
INSERT INTO `public_module_notification` VALUES ('12', 'cacbb740-7025-11e9-9a82-9cb6d01d51d2', '关于转发2018年度决策咨询研究课题招标公告的通知', '<p style=\"margin-top: 0px; margin-bottom: 0px; padding: 0px; font-size: 12px; font-family: Arial, 宋体, Helvetica, sans-serif; color: rgb(79, 79, 79); white-space: normal; background-color: rgb(255, 255, 255);\"><span style=\"margin: 0px; padding: 0px; font-size: 21px; font-family: 仿宋_GB2312; color: black;\"><span style=\"margin: 0px; padding: 0px; font-size: 12px; font-family: &quot;Times New Roman&quot;; color: rgb(79, 79, 79);\">各单位：</span></span></p><p style=\"margin-top: 0px; margin-bottom: 0px; padding: 0px; font-size: 12px; font-family: Arial, 宋体, Helvetica, sans-serif; color: rgb(79, 79, 79); white-space: normal; background-color: rgb(255, 255, 255); text-indent: 43px;\"><span style=\"margin: 0px; padding: 0px; font-family: &quot;Times New Roman&quot;;\"><span style=\"margin: 0px; padding: 0px; font-size: 21px; font-family: 仿宋_GB2312; color: black;\">长沙市科学技术协会为全面贯彻落实党的十九大精神和省委、省政府、市委、市政府的决策部署，大力践行创新、协调、绿色、开放、共享的发展理念，</span><span style=\"margin: 0px; padding: 0px; font-size: 21px; font-family: 仿宋_GB2312;\">围绕开启新时代全面建设现代化长沙新征程，</span><span style=\"margin: 0px; padding: 0px; font-size: 21px; font-family: 仿宋_GB2312; color: black;\">切实履行好科协组织服务党和政府科学决策的工作职能，不断丰富和完善长沙市科技创新智库的内涵，已发布2018年度决策咨询研究课题招标公告，请我校相关单位积极组织申报，具体通知内容转发如下：</span></span></p><p style=\"margin-top: 0px; margin-bottom: 0px; padding: 0px; font-size: 12px; font-family: Arial, 宋体, Helvetica, sans-serif; color: rgb(79, 79, 79); white-space: normal; background-color: rgb(255, 255, 255); text-indent: 43px;\"><span style=\"margin: 0px; padding: 0px; font-size: 21px; font-family: 黑体; color: black;\">一、招标课题</span></p><p style=\"margin-top: 0px; margin-bottom: 0px; padding: 0px; font-size: 12px; font-family: Arial, 宋体, Helvetica, sans-serif; color: rgb(79, 79, 79); white-space: normal; background-color: rgb(255, 255, 255); text-indent: 43px;\"><span style=\"margin: 0px; padding: 0px; font-family: &quot;Times New Roman&quot;;\"><span style=\"margin: 0px; padding: 0px; font-size: 21px; font-family: 仿宋_GB2312; color: black;\">1</span><span style=\"margin: 0px; padding: 0px; font-size: 21px; font-family: 仿宋_GB2312; color: black;\">、区块链技术对长沙经济社会发展的影响及对策研究；</span></span></p><p style=\"margin-top: 0px; margin-bottom: 0px; padding: 0px; font-size: 12px; font-family: Arial, 宋体, Helvetica, sans-serif; color: rgb(79, 79, 79); white-space: normal; background-color: rgb(255, 255, 255); text-indent: 43px;\"><span style=\"margin: 0px; padding: 0px; font-family: &quot;Times New Roman&quot;;\"><span style=\"margin: 0px; padding: 0px; font-size: 21px; font-family: 仿宋_GB2312; color: black;\">2</span><span style=\"margin: 0px; padding: 0px; font-size: 21px; font-family: 仿宋_GB2312; color: black;\">、长沙市“独角兽”企业培育困境及对策研究；</span></span></p><p style=\"margin-top: 0px; margin-bottom: 0px; padding: 0px; font-size: 12px; font-family: Arial, 宋体, Helvetica, sans-serif; color: rgb(79, 79, 79); white-space: normal; background-color: rgb(255, 255, 255); text-indent: 43px;\"><span style=\"margin: 0px; padding: 0px; font-family: &quot;Times New Roman&quot;;\"><span style=\"margin: 0px; padding: 0px; font-size: 21px; font-family: 仿宋_GB2312; color: black;\">3</span><span style=\"margin: 0px; padding: 0px; font-size: 21px; font-family: 仿宋_GB2312; color: black;\">、长沙智慧城市基础设施建设存在问题及其推进对策研究；</span></span></p><p style=\"margin-top: 0px; margin-bottom: 0px; padding: 0px; font-size: 12px; font-family: Arial, 宋体, Helvetica, sans-serif; color: rgb(79, 79, 79); white-space: normal; background-color: rgb(255, 255, 255); text-indent: 43px;\"><span style=\"margin: 0px; padding: 0px; font-family: &quot;Times New Roman&quot;;\"><span style=\"margin: 0px; padding: 0px; font-size: 21px; font-family: 仿宋_GB2312; color: black;\">4</span><span style=\"margin: 0px; padding: 0px; font-size: 21px; font-family: 仿宋_GB2312; color: black;\">、大力发展长沙市磁浮产业的对策研究；</span></span></p><p style=\"margin-top: 0px; margin-bottom: 0px; padding: 0px; font-size: 12px; font-family: Arial, 宋体, Helvetica, sans-serif; color: rgb(79, 79, 79); white-space: normal; background-color: rgb(255, 255, 255); text-indent: 43px;\"><span style=\"margin: 0px; padding: 0px; font-family: &quot;Times New Roman&quot;;\"><span style=\"margin: 0px; padding: 0px; font-size: 21px; font-family: 仿宋_GB2312; color: black;\">5</span><span style=\"margin: 0px; padding: 0px; font-size: 21px; font-family: 仿宋_GB2312; color: black;\">、长沙市工业互联网发展的机遇、困难及对策研究；</span></span></p><p style=\"margin-top: 0px; margin-bottom: 0px; padding: 0px; font-size: 12px; font-family: Arial, 宋体, Helvetica, sans-serif; color: rgb(79, 79, 79); white-space: normal; background-color: rgb(255, 255, 255); text-indent: 43px;\"><span style=\"margin: 0px; padding: 0px; font-family: &quot;Times New Roman&quot;;\"><span style=\"margin: 0px; padding: 0px; font-size: 21px; font-family: 仿宋_GB2312; color: black;\">6</span><span style=\"margin: 0px; padding: 0px; font-size: 21px; font-family: 仿宋_GB2312; color: black;\">、湘江长沙航电枢纽大坝库区水环境保护优化对策研究；</span></span></p><p style=\"margin-top: 0px; margin-bottom: 0px; padding: 0px; font-size: 12px; font-family: Arial, 宋体, Helvetica, sans-serif; color: rgb(79, 79, 79); white-space: normal; background-color: rgb(255, 255, 255); text-indent: 43px;\"><span style=\"margin: 0px; padding: 0px; font-family: &quot;Times New Roman&quot;;\"><span style=\"margin: 0px; padding: 0px; font-size: 21px; font-family: 仿宋_GB2312; color: black;\">7</span><span style=\"margin: 0px; padding: 0px; font-size: 21px; font-family: 仿宋_GB2312; color: black;\">、完善我市智慧医疗体系，助力实施健康长沙战略的研究。</span></span></p><p style=\"margin-top: 0px; margin-bottom: 0px; padding: 0px; font-size: 12px; font-family: Arial, 宋体, Helvetica, sans-serif; color: rgb(79, 79, 79); white-space: normal; background-color: rgb(255, 255, 255); text-indent: 43px;\"><span style=\"margin: 0px; padding: 0px; font-size: 21px; font-family: 黑体; color: black;\">二、招标范围</span></p><p style=\"margin-top: 0px; margin-bottom: 0px; padding: 0px; font-size: 12px; font-family: Arial, 宋体, Helvetica, sans-serif; color: rgb(79, 79, 79); white-space: normal; background-color: rgb(255, 255, 255);\"><span style=\"margin: 0px; padding: 0px; font-family: &quot;Times New Roman&quot;;\"><span style=\"margin: 0px; padding: 0px; font-size: 21px; font-family: 仿宋_GB2312; color: black;\">&nbsp;&nbsp;&nbsp;&nbsp;</span><span style=\"margin: 0px; padding: 0px; font-size: 21px; font-family: 仿宋_GB2312; color: black;\">长沙市域内各</span><span style=\"margin: 0px; padding: 0px; font-size: 21px; font-family: 仿宋_GB2312; color: black;\">高等院校、科研机构、党政机关、社会组织、企事业单位、科技工作者个人。</span></span></p><p style=\"margin-top: 0px; margin-bottom: 0px; padding: 0px; font-size: 12px; font-family: Arial, 宋体, Helvetica, sans-serif; color: rgb(79, 79, 79); white-space: normal; background-color: rgb(255, 255, 255); text-indent: 43px;\"><span style=\"margin: 0px; padding: 0px; font-size: 21px; font-family: 黑体; color: black;\">三、投标程序</span></p><p style=\"margin-top: 0px; margin-bottom: 0px; padding: 0px; font-size: 12px; font-family: Arial, 宋体, Helvetica, sans-serif; color: rgb(79, 79, 79); white-space: normal; background-color: rgb(255, 255, 255); text-indent: 43px;\"><span style=\"margin: 0px; padding: 0px; font-family: &quot;Times New Roman&quot;;\"><span style=\"margin: 0px; padding: 0px; font-size: 21px; font-family: 仿宋_GB2312; color: black;\">1</span><span style=\"margin: 0px; padding: 0px; font-size: 21px; font-family: 仿宋_GB2312; color: black;\">、我校申报截止日期为4月8日，逾期不予受理。招标单位规定的课题完成时间为9月30日前。</span></span></p><p style=\"margin-top: 0px; margin-bottom: 0px; padding: 0px; font-size: 12px; font-family: Arial, 宋体, Helvetica, sans-serif; color: rgb(79, 79, 79); white-space: normal; background-color: rgb(255, 255, 255);\"><span style=\"margin: 0px; padding: 0px; font-family: &quot;Times New Roman&quot;;\"><span style=\"margin: 0px; padding: 0px; font-size: 21px; font-family: 仿宋_GB2312; color: black;\">&nbsp;&nbsp;&nbsp; 2</span><span style=\"margin: 0px; padding: 0px; font-size: 21px; font-family: 仿宋_GB2312; color: black;\">、申报材料获得：申请人可登录长沙市科协网站</span></span><span style=\"margin: 0px; padding: 0px; font-size: 21px; font-family: 宋体; color: black;\">&nbsp;</span><span style=\"margin: 0px; padding: 0px; font-size: 21px; font-family: 仿宋_GB2312; color: black;\"><span style=\"margin: 0px; padding: 0px; font-size: 12px; font-family: &quot;Times New Roman&quot;; color: rgb(79, 79, 79);\">(</span></span><a href=\"http://www.stcsm.gov.cn/\" style=\"margin: 0px; padding: 0px; color: rgb(80, 80, 80); outline: none; line-height: 30px;\"><span style=\"margin: 0px; padding: 0px; font-size: 21px; color: rgb(79, 79, 79); display: inline;\">www.dstm.net.cn</span><span style=\"margin: 0px; padding: 0px; font-family: &quot;Times New Roman&quot;; color: rgb(79, 79, 79);\"><span style=\"margin: 0px; padding: 0px; font-size: 21px; font-family: 仿宋_GB2312; color: black;\">)</span><span style=\"margin: 0px; padding: 0px; font-size: 21px; font-family: 仿宋_GB2312; color: black;\">查阅和下载《长沙市科学技术协会决策咨询课题申请书》</span><span style=\"margin: 0px; padding: 0px; font-size: 21px; font-family: 仿宋_GB2312; color: black;\">、</span><span style=\"margin: 0px; padding: 0px; font-size: 21px; font-family: 仿宋_GB2312; color: black;\">《课题研究大纲》。</span></span></a></p><p style=\"margin-top: 0px; margin-bottom: 0px; padding: 0px; font-size: 12px; font-family: Arial, 宋体, Helvetica, sans-serif; color: rgb(79, 79, 79); white-space: normal; background-color: rgb(255, 255, 255);\"><span style=\"margin: 0px; padding: 0px; font-family: &quot;Times New Roman&quot;;\"><span style=\"margin: 0px; padding: 0px; font-size: 21px; font-family: 仿宋_GB2312; color: black;\">&nbsp;&nbsp;&nbsp; 3</span><span style=\"margin: 0px; padding: 0px; font-size: 21px; font-family: 仿宋_GB2312; color: black;\">、申报材料要求：申请人须打印并填写《决策咨询课题申请书》和《课题研究大纲》（各<strong style=\"margin: 0px; padding: 0px; font-size: 12px;\">一</strong>式三份）；申请材料填写内容应简明扼要，突出重点和关键，其中《课题研究大纲》不得出现课题申请人及成员的姓名和单位，</span><span style=\"margin: 0px; padding: 0px; font-size: 21px; font-family: 仿宋_GB2312; color: black;\">同时将材料</span><span style=\"margin: 0px; padding: 0px; font-size: 21px; font-family: 仿宋_GB2312; color: black;\">的电子版报送至</span><span style=\"margin: 0px; padding: 0px; font-size: 21px; font-family: 仿宋_GB2312; color: black;\">联系人</span></span><span style=\"margin: 0px; padding: 0px; font-size: 21px; display: inline;\">OA</span><span style=\"margin: 0px; padding: 0px; font-size: 21px; font-family: 仿宋_GB2312; color: black;\"><span style=\"margin: 0px; padding: 0px; font-size: 12px; font-family: &quot;Times New Roman&quot;; color: rgb(79, 79, 79);\">邮箱。</span></span></p><p style=\"margin-top: 0px; margin-bottom: 0px; padding: 0px; font-size: 12px; font-family: Arial, 宋体, Helvetica, sans-serif; color: rgb(79, 79, 79); white-space: normal; background-color: rgb(255, 255, 255); text-indent: 43px;\"><span style=\"margin: 0px; padding: 0px; font-size: 21px; font-family: 黑体; color: black;\">四、评标程序</span></p><p style=\"margin-top: 0px; margin-bottom: 3px; padding: 0px; font-size: 12px; font-family: Arial, 宋体, Helvetica, sans-serif; color: rgb(79, 79, 79); white-space: normal; background-color: rgb(255, 255, 255); line-height: 18px; text-indent: 43px;\"><span style=\"margin: 0px; padding: 0px; font-family: &quot;Times New Roman&quot;;\"><span style=\"margin: 0px; padding: 0px; font-size: 21px; font-family: 仿宋_GB2312; color: black; line-height: 31.5px;\">1</span><span style=\"margin: 0px; padding: 0px; font-size: 21px; font-family: 仿宋_GB2312; color: black; line-height: 31.5px;\">、标书评审:2018年4月中旬，由招标单位组织对《决策咨询课题申请书》和《</span><span style=\"margin: 0px; padding: 0px; font-size: 21px; font-family: 仿宋_GB2312; color: black; line-height: 31.5px;\">课题研究大纲</span><span style=\"margin: 0px; padding: 0px; font-size: 21px; font-family: 仿宋_GB2312; color: black; line-height: 31.5px;\">》进行评审，每个课题评出2个入围者。</span></span></p><p style=\"margin-top: 0px; margin-bottom: 3px; padding: 0px; font-size: 12px; font-family: Arial, 宋体, Helvetica, sans-serif; color: rgb(79, 79, 79); white-space: normal; background-color: rgb(255, 255, 255); line-height: 18px; text-indent: 43px;\"><span style=\"margin: 0px; padding: 0px; font-family: &quot;Times New Roman&quot;;\"><span style=\"margin: 0px; padding: 0px; font-size: 21px; font-family: 仿宋_GB2312; color: black; line-height: 31.5px;\">2</span><span style=\"margin: 0px; padding: 0px; font-size: 21px; font-family: 仿宋_GB2312; color: black; line-height: 31.5px;\">、面谈比选:4月20日前，由招标单位组织评估，分别对各课题的2个入围者进行面谈及比选，并经市科协专题会议审议，确定最终中标者，对已入围但未中标者也给予一定的投标激励奖金。</span></span></p><p style=\"margin-top: 0px; margin-bottom: 3px; padding: 0px; font-size: 12px; font-family: Arial, 宋体, Helvetica, sans-serif; color: rgb(79, 79, 79); white-space: normal; background-color: rgb(255, 255, 255); line-height: 18px; text-indent: 43px;\"><span style=\"margin: 0px; padding: 0px; font-family: &quot;Times New Roman&quot;;\"><span style=\"margin: 0px; padding: 0px; font-size: 21px; font-family: 仿宋_GB2312; color: black; line-height: 31.5px;\">3</span><span style=\"margin: 0px; padding: 0px; font-size: 21px; font-family: 仿宋_GB2312; color: black; line-height: 31.5px;\">、中标发布：对各课题的中标者，招标单位4月下旬在长沙市科协网站</span><span style=\"margin: 0px; padding: 0px; font-size: 21px; font-family: 仿宋_GB2312; color: black; line-height: 31.5px;\">（</span></span><span style=\"margin: 0px; padding: 0px; font-size: 21px; display: inline;\">www.dstm.net.cn)</span><span style=\"margin: 0px; padding: 0px; font-size: 21px; font-family: 仿宋_GB2312; color: black; line-height: 31.5px;\"><span style=\"margin: 0px; padding: 0px; font-size: 12px; font-family: &quot;Times New Roman&quot;; color: rgb(79, 79, 79);\">公布中标结果，并按照《长</span></span></p><p style=\"margin-top: 0px; margin-bottom: 3px; padding: 0px; font-size: 12px; font-family: Arial, 宋体, Helvetica, sans-serif; color: rgb(79, 79, 79); white-space: normal; background-color: rgb(255, 255, 255); line-height: 18px;\"><span style=\"margin: 0px; padding: 0px; font-size: 21px; font-family: 仿宋_GB2312; color: black; line-height: 31.5px;\"><span style=\"margin: 0px; padding: 0px; font-size: 12px; font-family: &quot;Times New Roman&quot;; color: rgb(79, 79, 79);\">沙市科协项目管理办法》要求，与中标者签订课题协议书。</span></span></p><p style=\"margin-top: 0px; margin-bottom: 0px; padding: 0px; font-size: 12px; font-family: Arial, 宋体, Helvetica, sans-serif; color: rgb(79, 79, 79); white-space: normal; background-color: rgb(255, 255, 255); text-indent: 43px;\"><span style=\"margin: 0px; padding: 0px; font-size: 21px; font-family: 黑体; color: black;\">五、经费资助</span></p><p style=\"margin-top: 0px; margin-bottom: 3px; padding: 0px; font-size: 12px; font-family: Arial, 宋体, Helvetica, sans-serif; color: rgb(79, 79, 79); white-space: normal; background-color: rgb(255, 255, 255); line-height: 18px; text-indent: 43px;\"><span style=\"margin: 0px; padding: 0px; font-family: &quot;Times New Roman&quot;;\"><span style=\"margin: 0px; padding: 0px; font-size: 21px; font-family: 仿宋_GB2312; color: black; line-height: 31.5px;\">1</span><span style=\"margin: 0px; padding: 0px; font-size: 21px; font-family: 仿宋_GB2312; color: black; line-height: 31.5px;\">）1、2号课题资助基础研究经费5万元，视课题研究成果获市委、市政府主要领导阅示的实际成效，给予最高不超过5万元的奖励经费；3、4、5、6、7号课题资助基础研究经费2万，视课题研究成效，给予最高不超过2万元的奖励经费；</span></span></p><p style=\"margin-top: 0px; margin-bottom: 3px; padding: 0px; font-size: 12px; font-family: Arial, 宋体, Helvetica, sans-serif; color: rgb(79, 79, 79); white-space: normal; background-color: rgb(255, 255, 255); line-height: 18px; text-indent: 43px;\"><span style=\"margin: 0px; padding: 0px; font-family: &quot;Times New Roman&quot;;\"><span style=\"margin: 0px; padding: 0px; font-size: 21px; font-family: 仿宋_GB2312; color: black; line-height: 31.5px;\">2</span><span style=\"margin: 0px; padding: 0px; font-size: 21px; font-family: 仿宋_GB2312; color: black; line-height: 31.5px;\">）3、4、5、6、7号课题，2018年7月15日前完成课题研究及结题，并最终获市委、市政府领导重要批示的，将给予一定的课题研究额外经费补助。</span></span></p><p style=\"margin-top: 0px; margin-bottom: 0px; padding: 0px; font-size: 12px; font-family: Arial, 宋体, Helvetica, sans-serif; color: rgb(79, 79, 79); white-space: normal; background-color: rgb(255, 255, 255);\"><span style=\"margin: 0px; padding: 0px; font-size: 21px; font-family: 黑体; color: black;\">&nbsp;</span></p><p style=\"margin-top: 0px; margin-bottom: 0px; padding: 0px; font-size: 12px; font-family: Arial, 宋体, Helvetica, sans-serif; color: rgb(79, 79, 79); white-space: normal; background-color: rgb(255, 255, 255); text-indent: 43px;\"><span style=\"margin: 0px; padding: 0px; font-size: 21px; font-family: 仿宋_GB2312; color: black;\"><span style=\"margin: 0px; padding: 0px; font-size: 12px; font-family: &quot;Times New Roman&quot;; color: rgb(79, 79, 79);\">联系人：裴老师&nbsp;&nbsp;&nbsp;&nbsp; 84261409</span></span></p><p style=\"margin-top: 0px; margin-bottom: 0px; padding: 0px; font-size: 12px; font-family: Arial, 宋体, Helvetica, sans-serif; color: rgb(79, 79, 79); white-space: normal; background-color: rgb(255, 255, 255); text-indent: 43px;\"><span style=\"margin: 0px; padding: 0px; font-size: 21px; font-family: 黑体; color: black;\">&nbsp;</span></p><p style=\"margin-top: 0px; margin-bottom: 3px; padding: 0px; font-size: 12px; font-family: Arial, 宋体, Helvetica, sans-serif; color: rgb(79, 79, 79); white-space: normal; background-color: rgb(255, 255, 255); line-height: 18px; text-indent: 43px;\"><span style=\"margin: 0px; padding: 0px; font-size: 21px; font-family: 黑体; color: black; line-height: 31.5px;\">&nbsp;&nbsp;&nbsp;&nbsp;&nbsp;&nbsp;&nbsp;&nbsp;&nbsp;&nbsp;&nbsp;&nbsp;&nbsp;&nbsp;&nbsp;&nbsp;&nbsp;&nbsp;&nbsp;&nbsp;&nbsp;&nbsp;&nbsp;&nbsp;&nbsp;&nbsp;&nbsp;&nbsp;&nbsp;&nbsp;</span><span style=\"margin: 0px; padding: 0px; font-family: &quot;Times New Roman&quot;;\"><span style=\"margin: 0px; padding: 0px; font-size: 21px; font-family: 仿宋_GB2312; color: black; line-height: 31.5px;\">&nbsp;&nbsp;&nbsp;&nbsp;&nbsp;&nbsp;&nbsp;&nbsp;&nbsp;&nbsp;&nbsp;&nbsp;&nbsp;&nbsp;&nbsp;&nbsp;&nbsp;&nbsp;&nbsp;&nbsp;&nbsp;&nbsp;&nbsp;&nbsp;&nbsp;&nbsp;&nbsp;&nbsp;&nbsp;&nbsp;&nbsp;&nbsp;&nbsp;&nbsp;&nbsp;&nbsp;&nbsp;&nbsp;&nbsp;&nbsp;</span><span style=\"margin: 0px; padding: 0px; font-size: 21px; font-family: 仿宋_GB2312; color: black; line-height: 31.5px;\">科技处</span></span></p><p style=\"margin-top: 0px; margin-bottom: 3px; padding: 0px; font-size: 12px; font-family: Arial, 宋体, Helvetica, sans-serif; color: rgb(79, 79, 79); white-space: normal; background-color: rgb(255, 255, 255); line-height: 18px; text-indent: 43px;\"><span style=\"margin: 0px; padding: 0px; font-family: &quot;Times New Roman&quot;;\"><span style=\"margin: 0px; padding: 0px; font-size: 21px; font-family: 仿宋_GB2312; color: black; line-height: 31.5px;\">&nbsp;&nbsp;&nbsp;&nbsp;&nbsp;&nbsp;&nbsp;&nbsp;&nbsp;&nbsp;&nbsp;&nbsp;&nbsp;&nbsp;&nbsp;&nbsp;&nbsp;&nbsp;&nbsp;&nbsp;&nbsp;&nbsp;&nbsp;&nbsp;&nbsp;&nbsp;&nbsp;&nbsp;&nbsp;&nbsp;&nbsp;&nbsp;&nbsp;&nbsp;&nbsp;&nbsp;&nbsp;&nbsp;&nbsp;&nbsp;&nbsp;&nbsp;&nbsp;&nbsp;&nbsp;&nbsp;&nbsp;&nbsp;&nbsp;&nbsp;&nbsp;&nbsp;&nbsp;&nbsp;&nbsp;&nbsp;&nbsp;&nbsp;&nbsp;&nbsp;&nbsp;&nbsp;&nbsp;&nbsp;&nbsp;&nbsp;&nbsp;&nbsp;&nbsp;&nbsp;&nbsp;&nbsp;&nbsp;&nbsp;&nbsp;&nbsp;&nbsp;&nbsp;&nbsp;&nbsp;&nbsp;&nbsp;&nbsp;&nbsp;&nbsp;&nbsp;&nbsp;&nbsp;&nbsp;&nbsp;&nbsp;&nbsp;&nbsp;&nbsp;&nbsp;&nbsp;&nbsp;&nbsp;&nbsp;&nbsp;&nbsp;&nbsp;&nbsp;&nbsp;&nbsp;&nbsp;&nbsp; 2018</span><span style=\"margin: 0px; padding: 0px; font-size: 21px; font-family: 仿宋_GB2312; color: black; line-height: 31.5px;\">年3月29日</span></span></p><p><br/></p>', '1', '2019-05-06 17:38:42');
INSERT INTO `public_module_notification` VALUES ('13', '0d475e80-7026-11e9-a6ca-9cb6d01d51d2', '关于申报2018年度第一批长沙市哲学社会科学规划项目的通知', '<p style=\"margin-top: 0px; margin-bottom: 0px; padding: 0px; font-size: 12px; font-family: Arial, 宋体, Helvetica, sans-serif; color: rgb(79, 79, 79); white-space: normal; background-color: rgb(255, 255, 255); line-height: 33px;\"><span style=\"margin: 0px; padding: 0px; font-size: 19px; font-family: 华文仿宋;\">各有关单位：</span></p><p style=\"margin-top: 0px; margin-bottom: 0px; padding: 0px; font-size: 12px; font-family: Arial, 宋体, Helvetica, sans-serif; color: rgb(79, 79, 79); white-space: normal; background-color: rgb(255, 255, 255); text-indent: 37px; line-height: 33px;\"><span style=\"margin: 0px; padding: 0px; font-size: 19px; font-family: 华文仿宋;\">根据《长沙市哲学社会科学规划项目管理办法》（长社字〔</span><span style=\"margin: 0px; padding: 0px; font-size: 19px; font-family: &quot;Times New Roman&quot;, serif;\">2017</span><span style=\"margin: 0px; padding: 0px; font-size: 19px; font-family: 华文仿宋;\">〕</span><span style=\"margin: 0px; padding: 0px; font-size: 19px; font-family: &quot;Times New Roman&quot;, serif;\">22</span><span style=\"margin: 0px; padding: 0px; font-size: 19px; font-family: 华文仿宋;\">号）的有关规定和《关于做好</span><span style=\"margin: 0px; padding: 0px; font-size: 19px; font-family: &quot;Times New Roman&quot;, serif;\">2018</span><span style=\"margin: 0px; padding: 0px; font-size: 19px; font-family: 华文仿宋;\">年度哲学社会科学规划项目申报工作的通知》（长社字〔</span><span style=\"margin: 0px; padding: 0px; font-size: 19px; font-family: &quot;Times New Roman&quot;, serif;\">2018</span><span style=\"margin: 0px; padding: 0px; font-size: 19px; font-family: 华文仿宋;\">〕</span><span style=\"margin: 0px; padding: 0px; font-size: 19px; font-family: &quot;Times New Roman&quot;, serif;\">1</span><span style=\"margin: 0px; padding: 0px; font-size: 19px; font-family: 华文仿宋;\">号）的要求，现将</span><span style=\"margin: 0px; padding: 0px; font-size: 19px; font-family: &quot;Times New Roman&quot;, serif;\">2018</span><span style=\"margin: 0px; padding: 0px; font-size: 19px; font-family: 华文仿宋;\">年度第一批长沙市哲学社会科学规划项目申报有关事项通知如下：</span></p><p style=\"margin-top: 0px; margin-bottom: 0px; margin-left: 8px; padding: 0px; font-size: 12px; font-family: Arial, 宋体, Helvetica, sans-serif; color: rgb(79, 79, 79); white-space: normal; background-color: rgb(255, 255, 255); text-indent: 37px; line-height: 33px;\"><strong style=\"margin: 0px; padding: 0px;\"><span style=\"margin: 0px; padding: 0px; font-size: 19px; font-family: 华文仿宋;\">一、指导思想</span></strong></p><p style=\"margin-top: 0px; margin-bottom: 0px; padding: 0px; font-size: 12px; font-family: Arial, 宋体, Helvetica, sans-serif; color: rgb(79, 79, 79); white-space: normal; background-color: rgb(255, 255, 255); text-indent: 37px; line-height: 33px;\"><span style=\"margin: 0px; padding: 0px; font-size: 19px; font-family: &quot;Times New Roman&quot;, serif;\">2018</span><span style=\"margin: 0px; padding: 0px; font-size: 19px; font-family: 华文仿宋;\">年度长沙市哲学社会科学规划项目选题应高举中国特色社会主义伟大旗帜，坚持以马克思列宁主义、毛泽东思想、邓小平理论、</span><span style=\"margin: 0px; padding: 0px; font-size: 19px; font-family: &quot;Times New Roman&quot;, serif;\">“</span><span style=\"margin: 0px; padding: 0px; font-size: 19px; font-family: 华文仿宋;\">三个代表</span><span style=\"margin: 0px; padding: 0px; font-size: 19px; font-family: &quot;Times New Roman&quot;, serif;\">”</span><span style=\"margin: 0px; padding: 0px; font-size: 19px; font-family: 华文仿宋;\">重要思想、科学发展观、习近平新时代中国特色社会主义思想为指导，全面贯彻落实党的十九大精神，深入贯彻习近平总书记系列重要讲话精神和治国理政新理念新思想新战略，按照市委《关于深入学习贯彻党的十九大精神，开启新时代全面建设现代化长沙新征程的决定》的要求，着眼长沙改革发展的新动向和新趋势，以《项目指南》作为本年度重点研究领域和方向，应用对策与基础理论研究相结合，更好地服务决策、指导实践、创新理论、引领舆论。</span></p><p style=\"margin-top: 0px; margin-bottom: 0px; margin-left: 8px; padding: 0px; font-size: 12px; font-family: Arial, 宋体, Helvetica, sans-serif; color: rgb(79, 79, 79); white-space: normal; background-color: rgb(255, 255, 255); text-indent: 37px; line-height: 33px;\"><strong style=\"margin: 0px; padding: 0px;\"><span style=\"margin: 0px; padding: 0px; font-size: 19px; font-family: 华文仿宋;\">二、项目类别</span></strong></p><p style=\"margin-top: 0px; margin-bottom: 0px; padding: 0px; font-size: 12px; font-family: Arial, 宋体, Helvetica, sans-serif; color: rgb(79, 79, 79); white-space: normal; background-color: rgb(255, 255, 255); text-indent: 37px; line-height: 33px;\"><span style=\"margin: 0px; padding: 0px; font-size: 19px; font-family: &quot;Times New Roman&quot;, serif;\">1.</span><span style=\"margin: 0px; padding: 0px; font-size: 19px; font-family: 华文仿宋;\">重点项目是指关于全市经济社会发展重要领域重要问题的研究项目，一般根据全市中心工作的需要实行定向申报委托。个人申报需有扎实的前期研究成果、且符合市社科规划方向，成果形式一般为公开出版的社科研究与社科普及专著。重点项目立项通过资格审查、会议答辩评审的程序进行，每项资助经费</span><span style=\"margin: 0px; padding: 0px; font-size: 19px; font-family: &quot;Times New Roman&quot;, serif;\">5</span><span style=\"margin: 0px; padding: 0px; font-size: 19px; font-family: 华文仿宋;\">万元。</span></p><p style=\"margin-top: 0px; margin-bottom: 0px; padding: 0px; font-size: 12px; font-family: Arial, 宋体, Helvetica, sans-serif; color: rgb(79, 79, 79); white-space: normal; background-color: rgb(255, 255, 255); text-indent: 37px; line-height: 33px;\"><span style=\"margin: 0px; padding: 0px; font-size: 19px; font-family: &quot;Times New Roman&quot;, serif;\">2.</span><span style=\"margin: 0px; padding: 0px; font-size: 19px; font-family: 华文仿宋;\">一般项目，每项资助</span><span style=\"margin: 0px; padding: 0px; font-size: 19px; font-family: &quot;Times New Roman&quot;, serif;\">2</span><span style=\"margin: 0px; padding: 0px; font-size: 19px; font-family: 华文仿宋;\">万元。经资格审查、评审委员会会议实名评审的程序进行。申报重点项目和一般项目原则上互不贯通，申请人只能从中选一。</span></p><p style=\"margin-top: 0px; margin-bottom: 0px; padding: 0px; font-size: 12px; font-family: Arial, 宋体, Helvetica, sans-serif; color: rgb(79, 79, 79); white-space: normal; background-color: rgb(255, 255, 255); text-indent: 37px; line-height: 33px;\"><span style=\"margin: 0px; padding: 0px; font-size: 19px; font-family: 华文仿宋;\">项目资助经费的拨付按《长沙市哲学社会科学规划项目管理办法》执行。</span></p><p style=\"margin-top: 0px; margin-bottom: 0px; margin-left: 8px; padding: 0px; font-size: 12px; font-family: Arial, 宋体, Helvetica, sans-serif; color: rgb(79, 79, 79); white-space: normal; background-color: rgb(255, 255, 255); text-indent: 37px; line-height: 33px;\"><strong style=\"margin: 0px; padding: 0px;\"><span style=\"margin: 0px; padding: 0px; font-size: 19px; font-family: 华文仿宋;\">三、申报条件</span></strong></p><p style=\"margin-top: 0px; margin-bottom: 0px; padding: 0px; font-size: 12px; font-family: Arial, 宋体, Helvetica, sans-serif; color: rgb(79, 79, 79); white-space: normal; background-color: rgb(255, 255, 255); text-indent: 37px; line-height: 33px;\"><span style=\"margin: 0px; padding: 0px; font-size: 19px; font-family: 华文仿宋;\">申请市社科规划项目者应符合下列条件：</span></p><p style=\"margin-top: 0px; margin-bottom: 0px; padding: 0px; font-size: 12px; font-family: Arial, 宋体, Helvetica, sans-serif; color: rgb(79, 79, 79); white-space: normal; background-color: rgb(255, 255, 255); text-indent: 37px; line-height: 33px;\"><span style=\"margin: 0px; padding: 0px; font-size: 19px; font-family: &quot;Times New Roman&quot;, serif;\">1.</span><span style=\"margin: 0px; padding: 0px; font-size: 19px; font-family: 华文仿宋;\">具有良好的政治思想素质，遵守中华人民共和国宪法，拥护社会主义制度和中国共产党的领导，政治立场坚定；</span></p><p style=\"margin-top: 0px; margin-bottom: 0px; padding: 0px; font-size: 12px; font-family: Arial, 宋体, Helvetica, sans-serif; color: rgb(79, 79, 79); white-space: normal; background-color: rgb(255, 255, 255); text-indent: 37px; line-height: 33px;\"><span style=\"margin: 0px; padding: 0px; font-size: 19px; font-family: &quot;Times New Roman&quot;, serif;\">2.</span><span style=\"margin: 0px; padding: 0px; font-size: 19px; font-family: 华文仿宋;\">申请人具有较强的独立科研能力和科研组织能力，能作为项目实际主持者并担负实质性研究工作；</span></p><p style=\"margin-top: 0px; margin-bottom: 0px; padding: 0px; font-size: 12px; font-family: Arial, 宋体, Helvetica, sans-serif; color: rgb(79, 79, 79); white-space: normal; background-color: rgb(255, 255, 255); text-indent: 37px; line-height: 33px;\"><span style=\"margin: 0px; padding: 0px; font-size: 19px; font-family: &quot;Times New Roman&quot;, serif;\">3.</span><span style=\"margin: 0px; padding: 0px; font-size: 19px; font-family: 华文仿宋;\">申请人必须是项目组的负责人，项目组只设一名负责人，负责人必须是项目的实际组织者和指导者，并担负实质性研究任务；</span></p><p style=\"margin-top: 0px; margin-bottom: 0px; padding: 0px; font-size: 12px; font-family: Arial, 宋体, Helvetica, sans-serif; color: rgb(79, 79, 79); white-space: normal; background-color: rgb(255, 255, 255); text-indent: 37px; line-height: 33px;\"><span style=\"margin: 0px; padding: 0px; font-size: 19px; font-family: &quot;Times New Roman&quot;, serif;\">4.</span><span style=\"margin: 0px; padding: 0px; font-size: 19px; font-family: 华文仿宋;\">申报重大项目的申请人一般应具备副高级（或相当于副高级，含副高级）以上专业技术职务。否则，须有两名正高级专业技术职务的同行专家书面推荐；</span></p><p style=\"margin-top: 0px; margin-bottom: 0px; padding: 0px; font-size: 12px; font-family: Arial, 宋体, Helvetica, sans-serif; color: rgb(79, 79, 79); white-space: normal; background-color: rgb(255, 255, 255); text-indent: 37px; line-height: 33px;\"><span style=\"margin: 0px; padding: 0px; font-size: 19px; font-family: &quot;Times New Roman&quot;, serif;\">5.</span><span style=\"margin: 0px; padding: 0px; font-size: 19px; font-family: 华文仿宋;\">申请人一次只能申请一个项目，且不能作为项目组成员参加其它市社科规划项目的申请；</span></p><p style=\"margin-top: 0px; margin-bottom: 0px; padding: 0px; font-size: 12px; font-family: Arial, 宋体, Helvetica, sans-serif; color: rgb(79, 79, 79); white-space: normal; background-color: rgb(255, 255, 255); text-indent: 37px; line-height: 33px;\"><span style=\"margin: 0px; padding: 0px; font-size: 19px; font-family: &quot;Times New Roman&quot;, serif;\">6.</span><span style=\"margin: 0px; padding: 0px; font-size: 19px; font-family: 华文仿宋;\">承担国家和省部级重大、重点项目以及市社科规划项目未结项的项目组负责人，不得作为申请人申报新的项目，申报项目已获得其他资助的，或者同时多头申报的，不予受理。</span></p><p style=\"margin-top: 0px; margin-bottom: 0px; padding: 0px; font-size: 12px; font-family: Arial, 宋体, Helvetica, sans-serif; color: rgb(79, 79, 79); white-space: normal; background-color: rgb(255, 255, 255); text-indent: 37px; line-height: 33px;\"><span style=\"margin: 0px; padding: 0px; font-size: 19px; font-family: &quot;Times New Roman&quot;, serif;\">7.</span><span style=\"margin: 0px; padding: 0px; font-size: 19px; font-family: 华文仿宋;\">申请人与项目组主要成员应具有较高的研究水平、良好的学风和科研信誉，项目组须有相应领域实际工作经验丰富的同志和专家参与；</span><span style=\"margin: 0px; padding: 0px; font-size: 19px; font-family: &quot;Times New Roman&quot;, serif;\"></span></p><p style=\"margin-top: 0px; margin-bottom: 0px; padding: 0px; font-size: 12px; font-family: Arial, 宋体, Helvetica, sans-serif; color: rgb(79, 79, 79); white-space: normal; background-color: rgb(255, 255, 255); text-indent: 37px; line-height: 33px;\"><span style=\"margin: 0px; padding: 0px; font-size: 19px; font-family: &quot;Times New Roman&quot;, serif;\">8.</span><span style=\"margin: 0px; padding: 0px; font-size: 19px; font-family: 华文仿宋;\">不得以已出版或已研究结项的内容基本相同的研究成果申请项目；不得一题多报，一经发现，予以取消。</span></p><p style=\"margin-top: 0px; margin-bottom: 0px; margin-left: 8px; padding: 0px; font-size: 12px; font-family: Arial, 宋体, Helvetica, sans-serif; color: rgb(79, 79, 79); white-space: normal; background-color: rgb(255, 255, 255); text-indent: 37px; line-height: 33px;\"><strong style=\"margin: 0px; padding: 0px;\"><span style=\"margin: 0px; padding: 0px; font-size: 19px; font-family: 华文仿宋;\">四、我校申报安排</span></strong></p><p style=\"margin-top: 0px; margin-bottom: 0px; padding: 0px; font-size: 12px; font-family: Arial, 宋体, Helvetica, sans-serif; color: rgb(79, 79, 79); white-space: normal; background-color: rgb(255, 255, 255); text-indent: 37px; line-height: 33px;\"><span style=\"margin: 0px; padding: 0px; font-size: 19px; font-family: &quot;Times New Roman&quot;, serif;\">1.</span><span style=\"margin: 0px; padding: 0px; font-size: 19px; font-family: 华文仿宋;\">项目申请人应按要求如实填写《长沙市哲学社会科学规划项目申请书》、《长沙市哲学社会科学规划项目论证活页》和其他申报材料，申请书和申报材料需由申请人亲手签名。</span></p><p style=\"margin-top: 0px; margin-bottom: 0px; padding: 0px; font-size: 12px; font-family: Arial, 宋体, Helvetica, sans-serif; color: rgb(79, 79, 79); white-space: normal; background-color: rgb(255, 255, 255); text-indent: 37px; line-height: 33px;\"><span style=\"margin: 0px; padding: 0px; font-size: 19px; font-family: 华文仿宋;\">本年度社科规划项目申报所需的各种材料（包括《项目指南》、《项目申请表》、《活页》）均可从</span><span style=\"margin: 0px; padding: 0px; font-size: 19px; font-family: &quot;Times New Roman&quot;, serif;\">“</span><span style=\"margin: 0px; padding: 0px; font-size: 19px; font-family: 华文仿宋;\">长沙市社会科学界联合会</span><span style=\"margin: 0px; padding: 0px; font-size: 19px; font-family: &quot;Times New Roman&quot;, serif;\">.</span><span style=\"margin: 0px; padding: 0px; font-size: 19px; font-family: 华文仿宋;\">政务</span><span style=\"margin: 0px; padding: 0px; font-size: 19px; font-family: &quot;Times New Roman&quot;, serif;\">”&nbsp;</span><span style=\"margin: 0px; padding: 0px; font-size: 19px; font-family: 华文仿宋;\">（网址：</span><span style=\"margin: 0px; padding: 0px; font-size: 19px; font-family: &quot;Times New Roman&quot;, serif;\">http://skl.changsha.gov.cn/academic_activity/research/201709/t20170922_2048859.html</span><span style=\"margin: 0px; padding: 0px; font-size: 19px; font-family: 华文仿宋;\">）或本通知附件中下载，申报者须按要求认真填写。</span></p><p style=\"margin-top: 0px; margin-bottom: 0px; padding: 0px; font-size: 12px; font-family: Arial, 宋体, Helvetica, sans-serif; color: rgb(79, 79, 79); white-space: normal; background-color: rgb(255, 255, 255); text-indent: 37px; line-height: 33px;\"><span style=\"margin: 0px; padding: 0px; font-size: 19px; font-family: &quot;Times New Roman&quot;, serif;\">2.</span><span style=\"margin: 0px; padding: 0px; font-size: 19px; font-family: 华文仿宋;\">请项目申请人于</span><span style=\"margin: 0px; padding: 0px; font-size: 19px; font-family: &quot;Times New Roman&quot;, serif;\">3</span><span style=\"margin: 0px; padding: 0px; font-size: 19px; font-family: 华文仿宋;\">月</span><span style=\"margin: 0px; padding: 0px; font-size: 19px; font-family: &quot;Times New Roman&quot;, serif;\">7</span><span style=\"margin: 0px; padding: 0px; font-size: 19px; font-family: 华文仿宋;\">日提交申报材料</span><span style=\"margin: 0px; padding: 0px; font-size: 19px; font-family: &quot;Times New Roman&quot;, serif;\">(</span><span style=\"margin: 0px; padding: 0px; font-size: 19px; font-family: 华文仿宋;\">《项目申请表》</span><span style=\"margin: 0px; padding: 0px; font-size: 19px; font-family: &quot;Times New Roman&quot;, serif;\">3</span><span style=\"margin: 0px; padding: 0px; font-size: 19px; font-family: 华文仿宋;\">份，《活页》</span><span style=\"margin: 0px; padding: 0px; font-size: 19px; font-family: &quot;Times New Roman&quot;, serif;\">11</span><span style=\"margin: 0px; padding: 0px; font-size: 19px; font-family: 华文仿宋;\">份</span><span style=\"margin: 0px; padding: 0px; font-size: 19px; font-family: &quot;Times New Roman&quot;, serif;\">)</span><span style=\"margin: 0px; padding: 0px; font-size: 19px; font-family: 华文仿宋;\">，至科技处</span><span style=\"margin: 0px; padding: 0px; font-size: 19px; font-family: &quot;Times New Roman&quot;, serif;\">502</span><span style=\"margin: 0px; padding: 0px; font-size: 19px; font-family: 华文仿宋;\">办公室，联系人：马婧，联系电话：</span><span style=\"margin: 0px; padding: 0px; font-size: 19px; font-family: &quot;Times New Roman&quot;, serif;\">84261581</span><span style=\"margin: 0px; padding: 0px; font-size: 19px; font-family: 华文仿宋;\">。</span></p><p style=\"margin-top: 0px; margin-bottom: 0px; padding: 0px; font-size: 12px; font-family: Arial, 宋体, Helvetica, sans-serif; color: rgb(79, 79, 79); white-space: normal; background-color: rgb(255, 255, 255); text-indent: 37px; line-height: 33px;\"><span style=\"margin: 0px; padding: 0px; font-size: 19px; font-family: &quot;Times New Roman&quot;, serif;\">&nbsp;</span></p><p style=\"margin-top: 0px; margin-bottom: 0px; padding: 0px; font-size: 12px; font-family: Arial, 宋体, Helvetica, sans-serif; color: rgb(79, 79, 79); white-space: normal; background-color: rgb(255, 255, 255); line-height: 33px;\"><span style=\"margin: 0px; padding: 0px; font-size: 19px; font-family: 华文仿宋;\">附件：</span></p><p style=\"margin-top: 0px; margin-bottom: 0px; padding: 0px; font-size: 12px; font-family: Arial, 宋体, Helvetica, sans-serif; color: rgb(79, 79, 79); white-space: normal; background-color: rgb(255, 255, 255); text-indent: 37px; line-height: 33px;\"><span style=\"margin: 0px; padding: 0px; font-size: 19px; font-family: &quot;Times New Roman&quot;, serif;\">1.</span><span style=\"margin: 0px; padding: 0px; font-size: 19px; font-family: 华文仿宋;\">《关于做好</span><span style=\"margin: 0px; padding: 0px; font-size: 19px; font-family: &quot;Times New Roman&quot;, serif;\">2018</span><span style=\"margin: 0px; padding: 0px; font-size: 19px; font-family: 华文仿宋;\">年度哲学社会科学规划项目申报工作的通知》（含项目指南）</span></p><p style=\"margin-top: 0px; margin-bottom: 0px; padding: 0px; font-size: 12px; font-family: Arial, 宋体, Helvetica, sans-serif; color: rgb(79, 79, 79); white-space: normal; background-color: rgb(255, 255, 255); text-indent: 37px; line-height: 33px;\"><span style=\"margin: 0px; padding: 0px; font-size: 19px; font-family: &quot;Times New Roman&quot;, serif;\">2.</span><span style=\"margin: 0px; padding: 0px; font-size: 19px; font-family: 华文仿宋;\">《项目申请表》</span></p><p style=\"margin-top: 0px; margin-bottom: 0px; padding: 0px; font-size: 12px; font-family: Arial, 宋体, Helvetica, sans-serif; color: rgb(79, 79, 79); white-space: normal; background-color: rgb(255, 255, 255); text-indent: 37px; line-height: 33px;\"><span style=\"margin: 0px; padding: 0px; font-size: 19px; font-family: &quot;Times New Roman&quot;, serif;\">3.</span><span style=\"margin: 0px; padding: 0px; font-size: 19px; font-family: 华文仿宋;\">《活页》</span></p><p style=\"margin-top: 0px; margin-bottom: 0px; padding: 0px; font-size: 12px; font-family: Arial, 宋体, Helvetica, sans-serif; color: rgb(79, 79, 79); white-space: normal; background-color: rgb(255, 255, 255); text-indent: 37px; line-height: 33px;\"><span style=\"margin: 0px; padding: 0px; font-size: 19px; font-family: &quot;Times New Roman&quot;, serif;\">4.</span><span style=\"margin: 0px; padding: 0px; font-size: 19px; font-family: 华文仿宋;\">《长沙市哲学社会科学规划项目管理办法》</span></p><p style=\"margin-top: 0px; margin-bottom: 0px; padding: 0px; font-size: 12px; font-family: Arial, 宋体, Helvetica, sans-serif; color: rgb(79, 79, 79); white-space: normal; background-color: rgb(255, 255, 255); text-align: right; text-indent: 37px; line-height: 33px;\"><span style=\"margin: 0px; padding: 0px; font-size: 19px; font-family: &quot;Times New Roman&quot;, serif; text-align: left;\">&nbsp;</span></p><p style=\"margin-top: 0px; margin-bottom: 0px; padding: 0px; font-size: 12px; font-family: Arial, 宋体, Helvetica, sans-serif; color: rgb(79, 79, 79); white-space: normal; background-color: rgb(255, 255, 255); text-align: right; text-indent: 37px; line-height: 33px;\"><span style=\"margin: 0px; padding: 0px; font-size: 19px; font-family: 华文仿宋; text-align: left;\">科技处</span><span style=\"margin: 0px; padding: 0px; font-size: 19px; font-family: &quot;Times New Roman&quot;, serif; text-align: left;\">/</span><span style=\"margin: 0px; padding: 0px; font-size: 19px; font-family: 华文仿宋; text-align: left;\">学科建设办公室</span></p><p style=\"margin-top: 0px; margin-bottom: 0px; padding: 0px; font-size: 12px; font-family: Arial, 宋体, Helvetica, sans-serif; color: rgb(79, 79, 79); white-space: normal; background-color: rgb(255, 255, 255); text-align: right; text-indent: 37px; line-height: 33px;\"><span style=\"margin: 0px; padding: 0px; font-size: 19px; font-family: &quot;Times New Roman&quot;, serif; text-align: left;\">2018</span><span style=\"margin: 0px; padding: 0px; font-size: 19px; font-family: 华文仿宋; text-align: left;\">年</span><span style=\"margin: 0px; padding: 0px; font-size: 19px; font-family: &quot;Times New Roman&quot;, serif; text-align: left;\">2</span><span style=\"margin: 0px; padding: 0px; font-size: 19px; font-family: 华文仿宋; text-align: left;\">月</span><span style=\"margin: 0px; padding: 0px; font-size: 19px; font-family: &quot;Times New Roman&quot;, serif; text-align: left;\">4</span><span style=\"margin: 0px; padding: 0px; font-size: 19px; font-family: 华文仿宋; text-align: left;\">日</span></p><p><br/></p>', '1', '2019-05-06 17:40:34');
INSERT INTO `public_module_notification` VALUES ('14', '22d8c30f-7026-11e9-b179-9cb6d01d51d2', '关于申报2018年度国家社科基金项目的通知', '<p style=\"margin-top: 0px; margin-bottom: 0px; padding: 0px; font-size: 12px; font-family: Arial, 宋体, Helvetica, sans-serif; color: rgb(79, 79, 79); white-space: normal; background-color: rgb(255, 255, 255); line-height: 18px;\"><span style=\"margin: 0px; padding: 0px; font-size: 19px; font-family: 仿宋; line-height: 28.5px;\">各单位：</span></p><p style=\"margin-top: 0px; margin-bottom: 0px; padding: 0px; font-size: 12px; font-family: Arial, 宋体, Helvetica, sans-serif; color: rgb(79, 79, 79); white-space: normal; background-color: rgb(255, 255, 255); line-height: 18px; text-indent: 37px;\"><span style=\"margin: 0px; padding: 0px; font-size: 19px; font-family: 仿宋; line-height: 28.5px;\">湖南省哲学社会科学规划基金办公室已于近日发布《关于认真做好我省2018年度国家社科基金项目申报工作的通知》，现将我校申报2018年度国家社科基金项目的关注意事项通知如下：</span></p><p style=\"margin-top: 0px; margin-bottom: 0px; padding: 0px; font-size: 12px; font-family: Arial, 宋体, Helvetica, sans-serif; color: rgb(79, 79, 79); white-space: normal; background-color: rgb(255, 255, 255); line-height: 18px; text-indent: 37px;\"><strong style=\"margin: 0px; padding: 0px;\"><span style=\"margin: 0px; padding: 0px; font-size: 19px; font-family: 仿宋; line-height: 28.5px;\">一、申报课题类别和资助额度</span></strong></p><p style=\"margin-top: 0px; margin-bottom: 0px; padding: 0px; font-size: 12px; font-family: Arial, 宋体, Helvetica, sans-serif; color: rgb(79, 79, 79); white-space: normal; background-color: rgb(255, 255, 255); line-height: 18px; text-indent: 37px;\"><span style=\"margin: 0px; padding: 0px; font-size: 19px; font-family: 仿宋; line-height: 28.5px;\">重点项目35万元，一般项目和青年项目20-22万元。申请人应按照《国家社科基金管理办法》和《国家社会科学基金项目资金管理办法》（见附件）的要求，根据实际需要编制科学合理的经费预算。</span></p><p style=\"margin-top: 0px; margin-bottom: 0px; padding: 0px; font-size: 12px; font-family: Arial, 宋体, Helvetica, sans-serif; color: rgb(79, 79, 79); white-space: normal; background-color: rgb(255, 255, 255); line-height: 18px; text-indent: 37px;\"><strong style=\"margin: 0px; padding: 0px;\"><span style=\"margin: 0px; padding: 0px; font-size: 19px; font-family: 仿宋; line-height: 28.5px;\">二、申报条件</span></strong></p><p style=\"margin-top: 0px; margin-bottom: 0px; padding: 0px; font-size: 12px; font-family: Arial, 宋体, Helvetica, sans-serif; color: rgb(79, 79, 79); white-space: normal; background-color: rgb(255, 255, 255); line-height: 18px; text-indent: 37px;\"><span style=\"margin: 0px; padding: 0px; font-size: 19px; font-family: 仿宋; line-height: 28.5px;\">1.&nbsp;</span><span style=\"margin: 0px; padding: 0px; font-size: 19px; font-family: 仿宋; line-height: 28.5px;\">课题申请人须具备下列条件：</span></p><p style=\"margin-top: 0px; margin-bottom: 0px; padding: 0px; font-size: 12px; font-family: Arial, 宋体, Helvetica, sans-serif; color: rgb(79, 79, 79); white-space: normal; background-color: rgb(255, 255, 255); line-height: 18px; text-indent: 37px;\"><span style=\"margin: 0px; padding: 0px; font-size: 19px; font-family: 仿宋; line-height: 28.5px;\">（1）遵守中华人民共和国宪法和法律；具有独立开展研究和组织开展研究的能力，能够承担实质性研究工作。</span></p><p style=\"margin-top: 0px; margin-bottom: 0px; padding: 0px; font-size: 12px; font-family: Arial, 宋体, Helvetica, sans-serif; color: rgb(79, 79, 79); white-space: normal; background-color: rgb(255, 255, 255); line-height: 18px; text-indent: 37px;\"><span style=\"margin: 0px; padding: 0px; font-size: 19px; font-family: 仿宋; line-height: 28.5px;\">（2）具有副高级以上（含）专业技术职称（职务），或者具有博士学位。</span></p><p style=\"margin-top: 0px; margin-bottom: 0px; padding: 0px; font-size: 12px; font-family: Arial, 宋体, Helvetica, sans-serif; color: rgb(79, 79, 79); white-space: normal; background-color: rgb(255, 255, 255); line-height: 18px; text-indent: 37px;\"><span style=\"margin: 0px; padding: 0px; font-size: 19px; font-family: 仿宋; line-height: 28.5px;\">不具有副高级以上（含）专业技术职称（职务）或者博士学位的，可以申请青年项目，但必须有两名具有正高级专业技术职称（职务）的同行专家书面推荐。</span></p><p style=\"margin-top: 0px; margin-bottom: 0px; padding: 0px; font-size: 12px; font-family: Arial, 宋体, Helvetica, sans-serif; color: rgb(79, 79, 79); white-space: normal; background-color: rgb(255, 255, 255); line-height: 18px; text-indent: 37px;\"><span style=\"margin: 0px; padding: 0px; font-size: 19px; font-family: 仿宋; line-height: 28.5px;\">（3）青年项目申请人和课题组成员的年龄均不超过35周岁（1983年3月5日后出生）。课题组成员或推荐人须征得本人同意并签字确认，否则视为违规申报。</span></p><p style=\"margin-top: 0px; margin-bottom: 0px; padding: 0px; font-size: 12px; font-family: Arial, 宋体, Helvetica, sans-serif; color: rgb(79, 79, 79); white-space: normal; background-color: rgb(255, 255, 255); line-height: 18px; text-indent: 37px;\"><span style=\"margin: 0px; padding: 0px; font-size: 19px; font-family: 仿宋; line-height: 28.5px;\">（4）申请人可以根据研究的实际需要，吸收境外研究人员作为课题组成员参与申请。全日制在读研究生不能申请，具备申报条件的在职博士生（博士后）从所在工作单位申请。</span></p><p style=\"margin-top: 0px; margin-bottom: 0px; padding: 0px; font-size: 12px; font-family: Arial, 宋体, Helvetica, sans-serif; color: rgb(79, 79, 79); white-space: normal; background-color: rgb(255, 255, 255); line-height: 18px; text-indent: 37px;\"><span style=\"margin: 0px; padding: 0px; font-size: 19px; font-family: 仿宋; line-height: 28.5px;\">2.</span>&nbsp;<span style=\"margin: 0px; padding: 0px; font-size: 19px; font-family: 仿宋; line-height: 28.5px;\">为避免一题多报、交叉申请和重复立项，确保申请人有足够的时间和精力从事课题研究，2018年度国家社科基金项目申请作如下限定：</span></p><p style=\"margin-top: 0px; margin-bottom: 0px; padding: 0px; font-size: 12px; font-family: Arial, 宋体, Helvetica, sans-serif; color: rgb(79, 79, 79); white-space: normal; background-color: rgb(255, 255, 255); line-height: 18px; text-indent: 37px;\"><span style=\"margin: 0px; padding: 0px; font-size: 19px; font-family: 仿宋; line-height: 28.5px;\">（1）课题负责人同年度只能申报一个国家社科基金项目，且不能作为课题组成员参与其他国家社科基金项目的申请；课题组成员同年度最多参与两个国家社科基金项目申请；在研国家级项目的课题组成员最多参与一个国家社科基金项目申请。&nbsp;</span></p><p style=\"margin-top: 0px; margin-bottom: 0px; padding: 0px; font-size: 12px; font-family: Arial, 宋体, Helvetica, sans-serif; color: rgb(79, 79, 79); white-space: normal; background-color: rgb(255, 255, 255); line-height: 18px; text-indent: 37px;\"><span style=\"margin: 0px; padding: 0px; font-size: 19px; font-family: 仿宋; line-height: 28.5px;\">（2）在研的国家社科基金项目、国家自然科学基金项目及其他国家级科研项目的负责人不能申请新的国家社科基金项目（结项证书标注日期在2018年3月5日之前的可以申请）。</span></p><p style=\"margin-top: 0px; margin-bottom: 0px; padding: 0px; font-size: 12px; font-family: Arial, 宋体, Helvetica, sans-serif; color: rgb(79, 79, 79); white-space: normal; background-color: rgb(255, 255, 255); line-height: 18px; text-indent: 37px;\"><span style=\"margin: 0px; padding: 0px; font-size: 19px; font-family: 仿宋; line-height: 28.5px;\">（3）申请国家自然科学基金项目及其他国家级科研项目的负责人同年度不能申请国家社科基金项目，其课题组成员也不能作为负责人以内容相同或相近选题申请国家社科基金项目。</span></p><p style=\"margin-top: 0px; margin-bottom: 0px; padding: 0px; font-size: 12px; font-family: Arial, 宋体, Helvetica, sans-serif; color: rgb(79, 79, 79); white-space: normal; background-color: rgb(255, 255, 255); line-height: 18px; text-indent: 37px;\"><span style=\"margin: 0px; padding: 0px; font-size: 19px; font-family: 仿宋; line-height: 28.5px;\">（4）申请教育部人文社会科学研究一般项目的负责人同年度不能申请国家社科基金项目。</span></p><p style=\"margin-top: 0px; margin-bottom: 0px; padding: 0px; font-size: 12px; font-family: Arial, 宋体, Helvetica, sans-serif; color: rgb(79, 79, 79); white-space: normal; background-color: rgb(255, 255, 255); line-height: 18px; text-indent: 37px;\"><span style=\"margin: 0px; padding: 0px; font-size: 19px; font-family: 仿宋; line-height: 28.5px;\">（5）凡在内容上与在研或已结项的各级各类项目有较大关联的申请课题，须在《申请书》中详细说明所申请项目与已承担项目的联系和区别，否则视为重复申请；不得以内容基本相同或相近的同一成果申请多家基金项目结项。</span></p><p style=\"margin-top: 0px; margin-bottom: 0px; padding: 0px; font-size: 12px; font-family: Arial, 宋体, Helvetica, sans-serif; color: rgb(79, 79, 79); white-space: normal; background-color: rgb(255, 255, 255); line-height: 18px; text-indent: 37px;\"><span style=\"margin: 0px; padding: 0px; font-size: 19px; font-family: 仿宋; line-height: 28.5px;\">（6）凡以博士学位论文或博士后出站报告为基础申报国家社科基金项目，须在《申请书》中注明所申请项目与学位论文（出站报告）的联系和区别，申请鉴定结项时须提交学位论文（出站报告）原件。</span></p><p style=\"margin-top: 0px; margin-bottom: 0px; padding: 0px; font-size: 12px; font-family: Arial, 宋体, Helvetica, sans-serif; color: rgb(79, 79, 79); white-space: normal; background-color: rgb(255, 255, 255); line-height: 18px; text-indent: 37px;\"><span style=\"margin: 0px; padding: 0px; font-size: 19px; font-family: 仿宋; line-height: 28.5px;\">（7）不得以已出版的内容基本相同的研究成果申请国家社科基金项目。</span></p><p style=\"margin-top: 0px; margin-bottom: 0px; padding: 0px; font-size: 12px; font-family: Arial, 宋体, Helvetica, sans-serif; color: rgb(79, 79, 79); white-space: normal; background-color: rgb(255, 255, 255); line-height: 18px; text-indent: 37px;\"><span style=\"margin: 0px; padding: 0px; font-size: 19px; font-family: 仿宋; line-height: 28.5px;\">（8）凡以国家社科基金项目名义发表阶段性成果或最终成果，不得同时标注多家基金项目资助字样。</span></p><p style=\"margin-top: 0px; margin-bottom: 0px; padding: 0px; font-size: 12px; font-family: Arial, 宋体, Helvetica, sans-serif; color: rgb(79, 79, 79); white-space: normal; background-color: rgb(255, 255, 255); line-height: 18px; text-indent: 37px;\"><strong style=\"margin: 0px; padding: 0px;\"><span style=\"margin: 0px; padding: 0px; font-size: 19px; font-family: 仿宋; line-height: 28.5px;\">三、申报其他要求</span></strong></p><p style=\"margin-top: 0px; margin-bottom: 0px; padding: 0px; font-size: 12px; font-family: Arial, 宋体, Helvetica, sans-serif; color: rgb(79, 79, 79); white-space: normal; background-color: rgb(255, 255, 255); line-height: 18px; text-indent: 37px;\"><span style=\"margin: 0px; padding: 0px; font-size: 19px; font-family: 仿宋; line-height: 28.5px;\">1.</span>&nbsp;<span style=\"margin: 0px; padding: 0px; font-size: 19px; font-family: 仿宋; line-height: 28.5px;\">课题申报范围涉及23个学科，须按照《国家社科基金项目申报数据代码表》填写《国家社科基金项目申请书》（以下简称《申请书》）。跨学科研究课题要以“靠近优先”原则，选择一个为主学科申报。教育学、艺术学和军事学等三个单列学科的申报分别由全国教育科学规划办、全国艺术科学规划办、全军社科规划办另行组织。</span></p><p style=\"margin-top: 0px; margin-bottom: 0px; padding: 0px; font-size: 12px; font-family: Arial, 宋体, Helvetica, sans-serif; color: rgb(79, 79, 79); white-space: normal; background-color: rgb(255, 255, 255); line-height: 18px; text-indent: 37px;\"><span style=\"margin: 0px; padding: 0px; font-size: 19px; font-family: 仿宋; line-height: 28.5px;\">2.</span>&nbsp;<span style=\"margin: 0px; padding: 0px; font-size: 19px; font-family: 仿宋; line-height: 28.5px;\">《国家社科基金项目2018年度课题指南》条目分为具体条目（带*号）和方向性条目两类。具体条目的申报，可选择不同的研究角度、方法和侧重点，也可对条目的文字表述做出适当修改。方向性条目只规定研究范围和方向，申请人要据此自行设计具体题目。只要符合《课题指南》的指导思想和基本要求，各学科均鼓励申请人根据研究兴趣和学术积累申报自选课题（包括重点课题）。自选课题与按《课题指南》申报的选题在评审程序、评审标准、立项指标、资助强度等方面同样对待。无论是按《课题指南》拟定的选题还是自选课题，课题名称的表述应科学、严谨、规范、简明，一般不加副标题。</span></p><p style=\"margin-top: 0px; margin-bottom: 0px; padding: 0px; font-size: 12px; font-family: Arial, 宋体, Helvetica, sans-serif; color: rgb(79, 79, 79); white-space: normal; background-color: rgb(255, 255, 255); line-height: 18px; text-indent: 37px;\"><span style=\"margin: 0px; padding: 0px; font-size: 19px; font-family: 仿宋; line-height: 28.5px;\">《国家社科基金项目2018年度课题指南》围绕深入研究阐释党的十九大精神和习近平新时代中国特色社会主义思想，在相关学科中拟定了一批重要选题，申请人可根据自己的研究专长选择申报。</span></p><p style=\"margin-top: 0px; margin-bottom: 0px; padding: 0px; font-size: 12px; font-family: Arial, 宋体, Helvetica, sans-serif; color: rgb(79, 79, 79); white-space: normal; background-color: rgb(255, 255, 255); line-height: 18px; text-indent: 37px;\"><span style=\"margin: 0px; padding: 0px; font-size: 19px; font-family: 仿宋; line-height: 28.5px;\">3.</span>&nbsp;<span style=\"margin: 0px; padding: 0px; font-size: 19px; font-family: 仿宋; line-height: 28.5px;\">国家社科基金项目的完成时限，基础理论研究一般为3—5年，应用对策研究一般为2—3年。</span></p><p style=\"margin-top: 0px; margin-bottom: 0px; padding: 0px; font-size: 12px; font-family: Arial, 宋体, Helvetica, sans-serif; color: rgb(79, 79, 79); white-space: normal; background-color: rgb(255, 255, 255); line-height: 18px; text-indent: 37px;\"><span style=\"margin: 0px; padding: 0px; font-size: 19px; font-family: 仿宋; line-height: 28.5px;\">4.</span><span style=\"margin: 0px; padding: 0px; font-size: 19px; font-family: 仿宋; line-height: 28.5px;\">项目申报材料（包括《课题指南》、《申请书》、《活页》、《代码表》等）见附件（附件中申请书的部分信息已填写，请勿更改）。</span></p><p style=\"margin-top: 0px; margin-bottom: 0px; padding: 0px; font-size: 12px; font-family: Arial, 宋体, Helvetica, sans-serif; color: rgb(79, 79, 79); white-space: normal; background-color: rgb(255, 255, 255); line-height: 18px; text-indent: 37px;\"><span style=\"margin: 0px; padding: 0px; font-size: 19px; font-family: 仿宋; line-height: 28.5px;\">5.</span>&nbsp;<span style=\"margin: 0px; padding: 0px; font-size: 19px; font-family: 仿宋; line-height: 28.5px;\">申报课题全部实行同行专家通讯初评，初评采用《活页》匿名方式，《活页》论证字数不超过七千字，要按《活页》中规定的方式列出前期相关研究成果。申报课题须按照《申请书》和《活页》要求，如实填写材料，并保证没有知识产权争议。凡存在弄虚作假、抄袭剽窃等行为的，一经发现查实，取消三年申报资格；如获立项即予撤项并通报批评。为保证申报评审的公正性和严肃性，评审会议召开前申报单位或个人不得以任何名义走访、咨询学科评审组专家或邀请学科评审组专家进行申报辅导。凡行贿评审专家者，一经查实将予通报批评；如获立项即予撤项，五年内不得申报国家社科基金项目。凡在国家社科基金项目申报和评审中发现严重违规违纪行为的，除按规定进行处理外，均列入不良科研信用记录。</span></p><p style=\"margin-top: 0px; margin-bottom: 0px; padding: 0px; font-size: 12px; font-family: Arial, 宋体, Helvetica, sans-serif; color: rgb(79, 79, 79); white-space: normal; background-color: rgb(255, 255, 255); line-height: 18px; text-indent: 37px;\"><span style=\"margin: 0px; padding: 0px; font-size: 19px; font-family: 仿宋; line-height: 28.5px;\">6.&nbsp;</span><span style=\"margin: 0px; padding: 0px; font-size: 19px; font-family: 仿宋; line-height: 28.5px;\">课题负责人在项目执行期间要遵守相关承诺，履行约定义务，按期完成研究任务；获准立项的《申请书》视为具有约束力的资助合同文本。最终成果实行匿名通讯鉴定，鉴定等级予以公布。除特殊情况外，最终研究成果须先鉴定、后出版，擅自出版者视为自行终止资助协议。</span></p><p style=\"margin-top: 0px; margin-bottom: 0px; padding: 0px; font-size: 12px; font-family: Arial, 宋体, Helvetica, sans-serif; color: rgb(79, 79, 79); white-space: normal; background-color: rgb(255, 255, 255); line-height: 18px; text-indent: 37px;\"><strong style=\"margin: 0px; padding: 0px;\"><span style=\"margin: 0px; padding: 0px; font-size: 19px; font-family: 仿宋; line-height: 28.5px;\">四、我校申报安排</span></strong></p><p style=\"margin-top: 0px; margin-bottom: 0px; padding: 0px; font-size: 12px; font-family: Arial, 宋体, Helvetica, sans-serif; color: rgb(79, 79, 79); white-space: normal; background-color: rgb(255, 255, 255); line-height: 18px; text-indent: 37px;\"><strong style=\"margin: 0px; padding: 0px;\"><span style=\"margin: 0px; padding: 0px; font-size: 19px; font-family: 仿宋; line-height: 28.5px;\">1.</span></strong><strong style=\"margin: 0px; padding: 0px;\"><span style=\"margin: 0px; padding: 0px; font-size: 19px; font-family: 仿宋; line-height: 28.5px;\">申报材料下载</span></strong></p><p style=\"margin-top: 0px; margin-bottom: 0px; padding: 0px; font-size: 12px; font-family: Arial, 宋体, Helvetica, sans-serif; color: rgb(79, 79, 79); white-space: normal; background-color: rgb(255, 255, 255); line-height: 18px; text-indent: 37px;\"><span style=\"margin: 0px; padding: 0px; font-size: 19px; font-family: 仿宋; line-height: 28.5px;\">请申请人务必使用从本通知附件下载的2018年度国家社科基金项目申报所需材料，严禁使用往年《申请书》、《活页》模板。</span></p><p style=\"margin-top: 0px; margin-bottom: 0px; padding: 0px; font-size: 12px; font-family: Arial, 宋体, Helvetica, sans-serif; color: rgb(79, 79, 79); white-space: normal; background-color: rgb(255, 255, 255); line-height: 18px; text-indent: 37px;\"><strong style=\"margin: 0px; padding: 0px;\"><span style=\"margin: 0px; padding: 0px; font-size: 19px; font-family: 仿宋; line-height: 28.5px;\">2.</span></strong><strong style=\"margin: 0px; padding: 0px;\"><span style=\"margin: 0px; padding: 0px; font-size: 19px; font-family: 仿宋; line-height: 28.5px;\">申报时间安排</span></strong></p><p style=\"margin-top: 0px; margin-bottom: 0px; padding: 0px; font-size: 12px; font-family: Arial, 宋体, Helvetica, sans-serif; color: rgb(79, 79, 79); white-space: normal; background-color: rgb(255, 255, 255); line-height: 18px; text-indent: 37px;\"><span style=\"margin: 0px; padding: 0px; font-size: 19px; font-family: 仿宋; line-height: 28.5px;\">由于时间紧迫，请申请人务必严格按照规定时间完成申报事宜。申报材料受理分以下两个阶段进行：</span></p><p style=\"margin-top: 0px; margin-bottom: 0px; padding: 0px; font-size: 12px; font-family: Arial, 宋体, Helvetica, sans-serif; color: rgb(79, 79, 79); white-space: normal; background-color: rgb(255, 255, 255); line-height: 18px; text-indent: 37px;\"><strong style=\"margin: 0px; padding: 0px;\"><span style=\"margin: 0px; padding: 0px; font-size: 19px; font-family: 仿宋; line-height: 28.5px;\">（1）初审阶段：</span></strong><span style=\"margin: 0px; padding: 0px; font-size: 19px; font-family: 仿宋; line-height: 28.5px;\">申请人于2018年2月26日将申请书和活页纸质版一式1份及自查表提交至科技处进行形式审查。所有拟申报项目都必须在2月26日完成纸质材料的形式审查。为提高形式审查通过率，申请人可提前与科技处联系后发送电子版进行预审。</span></p><p style=\"margin-top: 0px; margin-bottom: 0px; padding: 0px; font-size: 12px; font-family: Arial, 宋体, Helvetica, sans-serif; color: rgb(79, 79, 79); white-space: normal; background-color: rgb(255, 255, 255); line-height: 18px; text-indent: 37px;\"><strong style=\"margin: 0px; padding: 0px;\"><span style=\"margin: 0px; padding: 0px; font-size: 19px; font-family: 仿宋; line-height: 28.5px;\">（2）定稿提交阶段：</span></strong><span style=\"margin: 0px; padding: 0px; font-size: 19px; font-family: 仿宋; line-height: 28.5px;\">申请人于2018年2月28日至3月2日携带已完成形式审查的申请书及活页定稿的纸质版提交至科技处，注意格式和打印质量。</span></p><p style=\"margin-top: 0px; margin-bottom: 0px; padding: 0px; font-size: 12px; font-family: Arial, 宋体, Helvetica, sans-serif; color: rgb(79, 79, 79); white-space: normal; background-color: rgb(255, 255, 255); line-height: 18px; text-indent: 37px;\"><strong style=\"margin: 0px; padding: 0px;\"><span style=\"margin: 0px; padding: 0px; font-size: 19px; font-family: 仿宋; line-height: 28.5px;\">3.</span></strong><strong style=\"margin: 0px; padding: 0px;\"><span style=\"margin: 0px; padding: 0px; font-size: 19px; font-family: 仿宋; line-height: 28.5px;\">申报材料提交</span></strong></p><p style=\"margin-top: 0px; margin-bottom: 0px; padding: 0px; font-size: 12px; font-family: Arial, 宋体, Helvetica, sans-serif; color: rgb(79, 79, 79); white-space: normal; background-color: rgb(255, 255, 255); line-height: 18px; text-indent: 37px;\"><strong style=\"margin: 0px; padding: 0px;\"><span style=\"margin: 0px; padding: 0px; font-size: 19px; font-family: 仿宋; line-height: 28.5px;\">（1）纸质材料：</span></strong><span style=\"margin: 0px; padding: 0px; font-size: 19px; font-family: 仿宋; line-height: 28.5px;\">项目申请书一式9份、活页一式5份以及填写完整的自查表1份。申请书和论证活页等申报材料一律用A3纸双面打印、中缝装订。请申请人在文印室完成打印并自查无误后提交至科技处。提交材料时，1份申请书和1份自查表单独抽出，供科技处存档用；5份申请书及5份活页按“一夹九”方式整理，即1份申请书内夹叠放5份活页和4份申请书；“一夹九”连同其余3份申请书一起装袋。为避免资源浪费，今年装袋不使用纸质文件袋，改为由科技处提供可重复使用的透明文件袋。</span></p><p style=\"margin-top: 0px; margin-bottom: 0px; padding: 0px; font-size: 12px; font-family: Arial, 宋体, Helvetica, sans-serif; color: rgb(79, 79, 79); white-space: normal; background-color: rgb(255, 255, 255); line-height: 18px; text-indent: 37px;\"><strong style=\"margin: 0px; padding: 0px;\"><span style=\"margin: 0px; padding: 0px; font-size: 19px; font-family: 仿宋; line-height: 28.5px;\">（2）电子材料：</span></strong><span style=\"margin: 0px; padding: 0px; font-size: 19px; font-family: 仿宋; line-height: 28.5px;\">与申请书及活页纸质材料一致的电子版材料发送至</span><a href=\"mailto:ccsukjcxmb@163.com\" style=\"margin: 0px; padding: 0px; color: rgb(80, 80, 80); outline: none; line-height: 30px;\"><span style=\"margin: 0px; padding: 0px; font-size: 19px; font-family: 仿宋; color: windowtext; line-height: 28.5px;\">ccsukjcxmb@163.com</span></a><span style=\"margin: 0px; padding: 0px; font-size: 19px; font-family: 仿宋; line-height: 28.5px;\">，邮件主题请用“申请者姓名+2018国家社科定稿”。</span></p><p style=\"margin-top: 0px; margin-bottom: 0px; padding: 0px; font-size: 12px; font-family: Arial, 宋体, Helvetica, sans-serif; color: rgb(79, 79, 79); white-space: normal; background-color: rgb(255, 255, 255); line-height: 18px; text-indent: 37px;\"><span style=\"margin: 0px; padding: 0px; font-size: 19px; font-family: 仿宋; line-height: 28.5px;\">联系电话：84261581</span></p><p style=\"margin-top: 0px; margin-bottom: 0px; padding: 0px; font-size: 12px; font-family: Arial, 宋体, Helvetica, sans-serif; color: rgb(79, 79, 79); white-space: normal; background-color: rgb(255, 255, 255); line-height: 18px; text-indent: 37px;\"><span style=\"margin: 0px; padding: 0px; font-size: 19px; font-family: 仿宋; line-height: 28.5px;\">联系人：马婧</span></p><p style=\"margin-top: 0px; margin-bottom: 0px; padding: 0px; font-size: 12px; font-family: Arial, 宋体, Helvetica, sans-serif; color: rgb(79, 79, 79); white-space: normal; background-color: rgb(255, 255, 255); line-height: 18px; text-indent: 37px;\"><span style=\"margin: 0px; padding: 0px; font-size: 19px; font-family: 仿宋; line-height: 28.5px;\">地址：二办公楼5楼502室</span></p><p style=\"margin-top: 0px; margin-bottom: 0px; padding: 0px; font-size: 12px; font-family: Arial, 宋体, Helvetica, sans-serif; color: rgb(79, 79, 79); white-space: normal; background-color: rgb(255, 255, 255); line-height: 18px; text-indent: 37px;\"><span style=\"margin: 0px; padding: 0px; font-size: 19px; font-family: 仿宋; line-height: 28.5px;\">&nbsp;</span></p><p style=\"margin-top: 0px; margin-bottom: 0px; padding: 0px; font-size: 12px; font-family: Arial, 宋体, Helvetica, sans-serif; color: rgb(79, 79, 79); white-space: normal; background-color: rgb(255, 255, 255); line-height: 18px; text-indent: 37px;\"><span style=\"margin: 0px; padding: 0px; font-size: 19px; font-family: 仿宋; line-height: 28.5px;\">&nbsp;&nbsp;&nbsp;&nbsp;&nbsp;&nbsp;&nbsp;&nbsp;&nbsp;&nbsp;</span></p><p style=\"margin-top: 0px; margin-bottom: 0px; padding: 0px; font-size: 12px; font-family: Arial, 宋体, Helvetica, sans-serif; color: rgb(79, 79, 79); white-space: normal; background-color: rgb(255, 255, 255); text-align: right; line-height: 18px; text-indent: 261px;\"><span style=\"margin: 0px; padding: 0px; font-size: 19px; font-family: 仿宋; text-align: left; line-height: 28.5px;\">&nbsp;&nbsp;&nbsp;&nbsp;&nbsp;</span><span style=\"margin: 0px; padding: 0px; font-size: 19px; font-family: 仿宋; text-align: left; line-height: 28.5px;\">科技处（学科建设办公室）</span></p><p style=\"margin-top: 0px; margin-bottom: 0px; padding: 0px; font-size: 12px; font-family: Arial, 宋体, Helvetica, sans-serif; color: rgb(79, 79, 79); white-space: normal; background-color: rgb(255, 255, 255); text-align: right; line-height: 18px; text-indent: 308px;\"><span style=\"margin: 0px; padding: 0px; font-size: 19px; font-family: 仿宋; text-align: left; line-height: 28.5px;\">&nbsp;&nbsp; 2018</span><span style=\"margin: 0px; padding: 0px; font-size: 19px; font-family: 仿宋; text-align: left; line-height: 28.5px;\">年1月3日</span></p><p><br/></p>', '1', '2019-05-06 17:41:10');
INSERT INTO `public_module_notification` VALUES ('15', '33f82780-7026-11e9-bf05-9cb6d01d51d2', '关于开展“社会主义‘有点潮’”主题征文竞赛活动的通知', '<p style=\"margin-top: 0px; margin-bottom: 0px; padding: 0px; font-size: 12px; font-family: Arial, 宋体, Helvetica, sans-serif; color: rgb(79, 79, 79); white-space: normal; background-color: rgb(255, 255, 255); line-height: 18px;\"><span style=\"margin: 0px; padding: 0px; font-family: 宋体;\"><span style=\"margin: 0px; padding: 0px; font-size: 14px; font-family: Arial, 宋体, Helvetica, sans-serif; line-height: 21px;\">各有关单位：</span></span></p><p style=\"margin-top: 0px; margin-bottom: 0px; padding: 0px; font-size: 12px; font-family: Arial, 宋体, Helvetica, sans-serif; color: rgb(79, 79, 79); white-space: normal; background-color: rgb(255, 255, 255); line-height: 18px;\"><span style=\"margin: 0px; padding: 0px; font-family: 宋体;\"><span style=\"margin: 0px; padding: 0px; font-size: 14px; font-family: Arial, 宋体, Helvetica, sans-serif; line-height: 21px;\">&nbsp;&nbsp;&nbsp;&nbsp;</span><span style=\"margin: 0px; padding: 0px; font-size: 14px; font-family: Arial, 宋体, Helvetica, sans-serif; line-height: 21px;\">长沙市委宣传部发布了《关于开展“社会主义‘有点潮’”主题征文竞赛活动的通知》，现将该通知转发给你们，我校须报送3篇以上参评作品，请积极组织参与。我校征文受理截止日期：2017年4月27日，联系电话：84261581。</span></span></p><p style=\"margin-top: 0px; margin-bottom: 0px; padding: 0px; font-size: 12px; font-family: Arial, 宋体, Helvetica, sans-serif; color: rgb(79, 79, 79); white-space: normal; background-color: rgb(255, 255, 255); line-height: 18px;\"><span style=\"margin: 0px; padding: 0px; font-family: 宋体;\"><span style=\"margin: 0px; padding: 0px; font-size: 14px; font-family: Arial, 宋体, Helvetica, sans-serif; line-height: 21px;\">&nbsp;&nbsp;&nbsp;&nbsp;</span><span style=\"margin: 0px; padding: 0px; font-size: 14px; font-family: Arial, 宋体, Helvetica, sans-serif; line-height: 21px;\">另：发表的征文若已在指定新闻媒体上刊登，并署名以“湖南省中国特色社会主义理论体系研究中心长沙市基地研究员”的，基地还会配套额外奖金。具体请咨询科技处。</span></span></p><p style=\"margin-top: 0px; margin-bottom: 0px; padding: 0px; font-size: 12px; font-family: Arial, 宋体, Helvetica, sans-serif; color: rgb(79, 79, 79); white-space: normal; background-color: rgb(255, 255, 255); line-height: 18px;\"><span style=\"margin: 0px; padding: 0px; font-family: 宋体;\"><span style=\"margin: 0px; padding: 0px; font-size: 14px; font-family: Arial, 宋体, Helvetica, sans-serif; line-height: 21px;\">通知原文下载</span></span></p><p style=\"margin-top: 0px; margin-bottom: 0px; padding: 0px; font-size: 12px; font-family: Arial, 宋体, Helvetica, sans-serif; color: rgb(79, 79, 79); white-space: normal; background-color: rgb(255, 255, 255); text-align: right; line-height: 18px;\"><span style=\"margin: 0px; padding: 0px; font-family: 宋体; text-align: left;\"><span style=\"margin: 0px; padding: 0px; font-size: 14px; font-family: Arial, 宋体, Helvetica, sans-serif; line-height: 21px;\">科技处（学科建设办公室）</span></span></p><p style=\"margin-top: 0px; margin-bottom: 0px; padding: 0px; font-size: 12px; font-family: Arial, 宋体, Helvetica, sans-serif; color: rgb(79, 79, 79); white-space: normal; background-color: rgb(255, 255, 255); text-align: right; line-height: 18px;\"><span style=\"margin: 0px; padding: 0px; font-family: 宋体; text-align: left;\"><span style=\"margin: 0px; padding: 0px; font-size: 14px; font-family: Arial, 宋体, Helvetica, sans-serif; line-height: 21px;\">2017</span><span style=\"margin: 0px; padding: 0px; font-size: 14px; font-family: Arial, 宋体, Helvetica, sans-serif; line-height: 21px;\">年3月8日</span></span></p><p><br/></p>', '1', '2019-05-06 17:41:39');
INSERT INTO `public_module_notification` VALUES ('16', '43942040-7026-11e9-a420-9cb6d01d51d2', '关于申报2017年度全国艺术科学规划项目的通知', '<p style=\"margin-top: 0px; margin-bottom: 0px; padding: 0px; font-size: 12px; font-family: Arial, 宋体, Helvetica, sans-serif; color: rgb(79, 79, 79); white-space: normal; background-color: rgb(255, 255, 255);\"><span style=\"margin: 0px; padding: 0px; font-size: 14px;\">&nbsp;<span style=\"margin: 0px; padding: 0px; font-size: 12px; font-family: 宋体; line-height: 18px;\">各有关单位：</span></span></p><p style=\"margin-top: 0px; margin-bottom: 0px; padding: 0px; font-size: 12px; font-family: Arial, 宋体, Helvetica, sans-serif; color: rgb(79, 79, 79); white-space: normal; background-color: rgb(255, 255, 255); line-height: 18px; text-indent: 28px;\"><span style=\"margin: 0px; padding: 0px; font-size: 14px; font-family: 宋体;\">2017年度全国艺术科学规划项目申报工作已正式启动，现将有关事项通知如下：</span></p><p style=\"margin-top: 0px; margin-bottom: 0px; padding: 0px; font-size: 12px; font-family: Arial, 宋体, Helvetica, sans-serif; color: rgb(79, 79, 79); white-space: normal; background-color: rgb(255, 255, 255); line-height: 18px;\"><span style=\"margin: 0px; padding: 0px; font-size: 14px;\"><strong style=\"margin: 0px; padding: 0px; font-size: 12px;\"><span style=\"margin: 0px; padding: 0px; font-size: 14px; font-family: 宋体; line-height: 21px;\">一、申报课题类别和资助额度</span></strong></span></p><p style=\"margin-top: 0px; margin-bottom: 0px; padding: 0px; font-size: 12px; font-family: Arial, 宋体, Helvetica, sans-serif; color: rgb(79, 79, 79); white-space: normal; background-color: rgb(255, 255, 255); line-height: 18px; text-indent: 28px;\"><span style=\"margin: 0px; padding: 0px; font-size: 14px; font-family: 宋体; line-height: 21px;\">本年度全国艺术科学规划项目设置国家社会科学基金艺术学重点项目、一般项目、青年项目、西部项目（注：西部项目不专门申报，从西部地区研究人员申报的国家社会科学基金艺术学项目中评审产生）以及文化部文化艺术研究项目。国家社会科学基金艺术学项目面向全社会；文化部文化艺术研究项目原则上面向文化系统人员所申报的课题，同时定向吸收研究内容紧密围绕国家和地方文化艺术建设实际、亟需开展的决策咨询类课题，鼓励以专业艺术研究院所为依托，凝聚社会力量协同攻关。符合条件的申请人，可在填报项目类别时，同时选择国家社会科学基金艺术学项目和文化部文化艺术研究项目，但不能同时获得国家社会科学基金艺术学项目和文化部文化艺术研究项目立项。</span></p><p style=\"margin-top: 0px; margin-bottom: 0px; padding: 0px; font-size: 12px; font-family: Arial, 宋体, Helvetica, sans-serif; color: rgb(79, 79, 79); white-space: normal; background-color: rgb(255, 255, 255); line-height: 18px;\"><span style=\"margin: 0px; padding: 0px; font-size: 14px; font-family: 宋体; line-height: 21px;\">　　全国艺术科学规划项目资助额度参考标准为：国家社会科学基金艺术学重点项目35万元，一般项目、青年项目、西部项目20万元；文化部文化艺术研究项目6-8万元。最终确定的资助额度在适当范围内上下浮动，申请人应根据实际需要编制科学合理的经费预算。</span></p><p style=\"margin-top: 0px; margin-bottom: 0px; padding: 0px; font-size: 12px; font-family: Arial, 宋体, Helvetica, sans-serif; color: rgb(79, 79, 79); white-space: normal; background-color: rgb(255, 255, 255); line-height: 18px;\"><span style=\"margin: 0px; padding: 0px; font-size: 14px;\"><strong style=\"margin: 0px; padding: 0px; font-size: 12px;\"><span style=\"margin: 0px; padding: 0px; font-size: 14px; font-family: 宋体; line-height: 21px;\">二、申报条件</span></strong></span></p><p style=\"margin-top: 0px; margin-bottom: 0px; padding: 0px; font-size: 12px; font-family: Arial, 宋体, Helvetica, sans-serif; color: rgb(79, 79, 79); white-space: normal; background-color: rgb(255, 255, 255); line-height: 18px;\"><span style=\"margin: 0px; padding: 0px; font-size: 14px; font-family: 宋体;\">1. 课题申请人须具备下列条件：</span></p><p style=\"margin-top: 0px; margin-bottom: 0px; padding: 0px; font-size: 12px; font-family: Arial, 宋体, Helvetica, sans-serif; color: rgb(79, 79, 79); white-space: normal; background-color: rgb(255, 255, 255); line-height: 18px;\"><span style=\"margin: 0px; padding: 0px; font-size: 14px; font-family: 宋体; line-height: 21px;\">（1）遵守中华人民共和国宪法和法律；具有独立开展研究和组织开展研究的能力，能够承担实质性研究工作。</span></p><p style=\"margin-top: 0px; margin-bottom: 0px; padding: 0px; font-size: 12px; font-family: Arial, 宋体, Helvetica, sans-serif; color: rgb(79, 79, 79); white-space: normal; background-color: rgb(255, 255, 255); line-height: 18px;\"><span style=\"margin: 0px; padding: 0px; font-size: 14px; font-family: 宋体; line-height: 21px;\">（2）具有副高级以上（含）专业技术职称（职务），或者具有博士学位。不具有副高级以上（含）专业技术职称（职务）或者博士学位的，可以申请青年项目，但必须有两名具有正高级专业技术职称（职务）的同行专家书面推荐。</span></p><p style=\"margin-top: 0px; margin-bottom: 0px; padding: 0px; font-size: 12px; font-family: Arial, 宋体, Helvetica, sans-serif; color: rgb(79, 79, 79); white-space: normal; background-color: rgb(255, 255, 255); line-height: 18px;\"><span style=\"margin: 0px; padding: 0px; font-size: 14px; font-family: 宋体; line-height: 21px;\">（3）青年项目申请人和课题组成员的年龄均不超过35周岁（1982年3月15日后出生）。文化部文化艺术研究项目的申请资格参照以上要求。</span></p><p style=\"margin-top: 0px; margin-bottom: 0px; padding: 0px; font-size: 12px; font-family: Arial, 宋体, Helvetica, sans-serif; color: rgb(79, 79, 79); white-space: normal; background-color: rgb(255, 255, 255); line-height: 18px;\"><span style=\"margin: 0px; padding: 0px; font-size: 14px; font-family: 宋体; line-height: 21px;\">（4）国家社会科学基金艺术学重点项目的申请者，须是完成过省、部级以上同专业研究课题的负责人（需在申报中提供完成过的省、部级以上同专业研究课题的证明材料）；国家社会科学基金艺术学一般项目的申请者，须在与申报项目相关研究领域的重要期刊发表相关研究论文至少3篇或有主持完成的相关研究专著（须在申报材料中注明出版或发表的题目、时间及期刊或出版社名称等主要信息）。</span></p><p style=\"margin-top: 0px; margin-bottom: 0px; padding: 0px; font-size: 12px; font-family: Arial, 宋体, Helvetica, sans-serif; color: rgb(79, 79, 79); white-space: normal; background-color: rgb(255, 255, 255); line-height: 18px;\"><span style=\"margin: 0px; padding: 0px; font-size: 14px; font-family: 宋体;\">2. 为确保申请人有足够的时间和精力从事课题研究，2017年度全国艺术科学规划项目申请作如下限定：</span></p><p style=\"margin-top: 0px; margin-bottom: 0px; padding: 0px; font-size: 12px; font-family: Arial, 宋体, Helvetica, sans-serif; color: rgb(79, 79, 79); white-space: normal; background-color: rgb(255, 255, 255); line-height: 18px;\"><span style=\"margin: 0px; padding: 0px; font-size: 14px; font-family: 宋体; line-height: 21px;\">（1）课题负责人同年度只能申报一个全国艺术科学规划项目，且不能作为课题组成员参与其他全国艺术科学规划项目的申请；课题组成员同年度最多参与两个全国艺术科学规划项目申请。</span></p><p style=\"margin-top: 0px; margin-bottom: 0px; padding: 0px; font-size: 12px; font-family: Arial, 宋体, Helvetica, sans-serif; color: rgb(79, 79, 79); white-space: normal; background-color: rgb(255, 255, 255); line-height: 18px;\"><span style=\"margin: 0px; padding: 0px; font-size: 14px; font-family: 宋体; line-height: 21px;\">（2）在研的国家社会科学基金项目、国家自然科学基金项目、教育部人文社会科学研究项目、文化部文化艺术研究项目及其他国家级科研项目的负责人不能申请新的全国艺术科学规划项目（结项证书标注日期在2017年3月15日之前的可以申请）。</span></p><p style=\"margin-top: 0px; margin-bottom: 0px; padding: 0px; font-size: 12px; font-family: Arial, 宋体, Helvetica, sans-serif; color: rgb(79, 79, 79); white-space: normal; background-color: rgb(255, 255, 255); line-height: 18px;\"><span style=\"margin: 0px; padding: 0px; font-size: 14px; font-family: 宋体; line-height: 21px;\">（3）申请国家社会科学基金项目、国家自然科学基金项目及其他国家级科研项目的负责人同年度不能申请全国艺术科学规划项目，其课题组成员也不能作为负责人以内容相同或相近选题申请全国艺术科学规划项目。</span></p><p style=\"margin-top: 0px; margin-bottom: 0px; padding: 0px; font-size: 12px; font-family: Arial, 宋体, Helvetica, sans-serif; color: rgb(79, 79, 79); white-space: normal; background-color: rgb(255, 255, 255); line-height: 18px;\"><span style=\"margin: 0px; padding: 0px; font-size: 14px; font-family: 宋体; line-height: 21px;\">（4）申请教育部人文社会科学研究项目的负责人同年度不能申请全国艺术科学规划项目。（5）凡在内容上与在研或已结项的各级各类项目有较大关联的申请课题，须在申请时注明所申请项目与已承担项目的联系和区别，否则视为重复申请；不得以内容基本相同或相近的同一成果申请多家基金项目结项。</span></p><p style=\"margin-top: 0px; margin-bottom: 0px; padding: 0px; font-size: 12px; font-family: Arial, 宋体, Helvetica, sans-serif; color: rgb(79, 79, 79); white-space: normal; background-color: rgb(255, 255, 255); line-height: 18px;\"><span style=\"margin: 0px; padding: 0px; font-size: 14px; font-family: 宋体; line-height: 21px;\">（6）凡以博士学位论文或博士后出站报告为基础申报全国艺术科学规划项目，须在申请时注明所申请项目与学位论文（出站报告）的联系和区别，申请鉴定结项时提交学位论文（出站报告）原件。</span></p><p style=\"margin-top: 0px; margin-bottom: 0px; padding: 0px; font-size: 12px; font-family: Arial, 宋体, Helvetica, sans-serif; color: rgb(79, 79, 79); white-space: normal; background-color: rgb(255, 255, 255); line-height: 18px;\"><span style=\"margin: 0px; padding: 0px; font-size: 14px; font-family: 宋体; line-height: 21px;\">（7）不得以已出版的内容基本相同的研究成果申请全国艺术科学规划项目。</span></p><p style=\"margin-top: 0px; margin-bottom: 0px; padding: 0px; font-size: 12px; font-family: Arial, 宋体, Helvetica, sans-serif; color: rgb(79, 79, 79); white-space: normal; background-color: rgb(255, 255, 255); line-height: 18px;\"><span style=\"margin: 0px; padding: 0px; font-size: 14px; font-family: 宋体; line-height: 21px;\">（8）凡以全国艺术科学规划项目名义发表阶段性成果或最终成果，不得同时标注多家基金项目资助字样。</span></p><p style=\"margin-top: 0px; margin-bottom: 0px; padding: 0px; font-size: 12px; font-family: Arial, 宋体, Helvetica, sans-serif; color: rgb(79, 79, 79); white-space: normal; background-color: rgb(255, 255, 255); line-height: 18px;\"><span style=\"margin: 0px; padding: 0px; font-size: 14px;\"><strong style=\"margin: 0px; padding: 0px; font-size: 12px;\"><span style=\"margin: 0px; padding: 0px; font-size: 14px; font-family: 宋体; line-height: 21px;\">三、其他注意事项</span></strong></span></p><p style=\"margin-top: 0px; margin-bottom: 0px; padding: 0px; font-size: 12px; font-family: Arial, 宋体, Helvetica, sans-serif; color: rgb(79, 79, 79); white-space: normal; background-color: rgb(255, 255, 255); line-height: 18px;\"><span style=\"margin: 0px; padding: 0px; font-size: 14px;\"><span style=\"margin: 0px; padding: 0px; font-family: 宋体; line-height: 21px;\">1.</span><strong style=\"margin: 0px; padding: 0px; font-size: 12px;\">&nbsp;</strong><span style=\"margin: 0px; padding: 0px; font-family: 宋体; line-height: 21px;\">《课题指南》条目分范围性条目和具体题目两类。范围性条目只规定研究范围和方向，申请人要据此自行设计具体题目，没有明确的研究对象和问题指向的申请不予受理和立项；依据具体题目申报的选题，应选择不同的研究角度、方法和侧重点，题目的文字表述可做适当修改。只要符合《课题指南》的指导思想和基本要求，各学科均鼓励申请人根据研究兴趣和学术积累申报自选课题（包括重点课题）。自选课题与按《课题指南》申报的选题在评审程序、评审标准、立项指标、资助强度等方面同样对待。无论是按《课题指南》拟定的选题还是自选课题，课题名称的表述应科学、严谨、规范、简明，一般不加副标题。</span></span></p><p style=\"margin-top: 0px; margin-bottom: 0px; padding: 0px; font-size: 12px; font-family: Arial, 宋体, Helvetica, sans-serif; color: rgb(79, 79, 79); white-space: normal; background-color: rgb(255, 255, 255); line-height: 18px;\"><span style=\"margin: 0px; padding: 0px; font-size: 14px; font-family: 宋体; line-height: 21px;\">　　为进一步突出重点，针对我国艺术学各学科理论体系建设中的薄弱环节、我国文化建设中亟待研究回答的重大理论与实践问题，《课题指南》确定了若干优先研究方向，为全国艺术科研机构、科研人员和社会各界有关人士提供研究参考，优先研究方向的申报课题一经获准立项，可根据研究工作的实际需求，适度放宽资助额度。跨学科研究课题应根据主要研究内容按照“靠近优先”原则，选择一个主要的学科进行申报。</span></p><p style=\"margin-top: 0px; margin-bottom: 0px; padding: 0px; font-size: 12px; font-family: Arial, 宋体, Helvetica, sans-serif; color: rgb(79, 79, 79); white-space: normal; background-color: rgb(255, 255, 255); line-height: 18px;\"><span style=\"margin: 0px; padding: 0px; font-size: 14px; font-family: 宋体;\">2.全国艺术科学规划项目的完成时限，自批准立项之日起计算，基础理论研究一般为3至5年，应用对策研究一般为2至3年。</span></p><p style=\"margin-top: 0px; margin-bottom: 0px; padding: 0px; font-size: 12px; font-family: Arial, 宋体, Helvetica, sans-serif; color: rgb(79, 79, 79); white-space: normal; background-color: rgb(255, 255, 255); line-height: 18px;\"><span style=\"margin: 0px; padding: 0px; font-size: 14px; font-family: 宋体;\">3.申请人填报课题组成员或推荐人有关信息资料前，必须征得本人同意，否则视为违规申报。文化部机关工作人员不能申请或者参与申请全国艺术科学规划项目。申请人要如实填写申报材料，保证申报内容的真实性且不涉及知识产权争议。凡发现弄虚作假等违规申报者，经查实后，取消3年内申报资格，如获立项即作撤销处理并通报批评。</span></p><p style=\"margin-top: 0px; margin-bottom: 0px; padding: 0px; font-size: 12px; font-family: Arial, 宋体, Helvetica, sans-serif; color: rgb(79, 79, 79); white-space: normal; background-color: rgb(255, 255, 255); line-height: 18px;\"><span style=\"margin: 0px; padding: 0px; font-size: 14px; font-family: 宋体;\">4.所有申报项目将通过资格审查、同行专家通讯初评和复评等程序。资格审查和评审工作严格按照《全国艺术科学规划项目管理办法》及本通知的规定进行。同行专家通讯初评采用《活页》匿名方式，《活页》论证字数不超过4000字，不得出现申请人、课题组成员姓名及所在单位名称等有关信息，否则不予评审。</span></p><p style=\"margin-top: 0px; margin-bottom: 0px; padding: 0px; font-size: 12px; font-family: Arial, 宋体, Helvetica, sans-serif; color: rgb(79, 79, 79); white-space: normal; background-color: rgb(255, 255, 255); line-height: 18px;\"><span style=\"margin: 0px; padding: 0px; font-size: 14px; font-family: 宋体;\">5. 课题申报相关文件材料，包括《2017年度全国艺术科学规划项目课题指南》、《国家社会科学基金项目资金管理办法》、《全国艺术科学规划项目管理办法》、《全国艺术科学规划历年立项课题汇编》等，可在文化部网站或申报系统主页上查询、下载。</span></p><p style=\"margin-top: 0px; margin-bottom: 0px; padding: 0px; font-size: 12px; font-family: Arial, 宋体, Helvetica, sans-serif; color: rgb(79, 79, 79); white-space: normal; background-color: rgb(255, 255, 255); line-height: 18px;\"><span style=\"margin: 0px; padding: 0px; font-size: 14px;\"><strong style=\"margin: 0px; padding: 0px; font-size: 12px;\"><span style=\"margin: 0px; padding: 0px; font-size: 14px; font-family: 宋体; line-height: 21px;\">四、我校申报安排</span></strong></span></p><p style=\"margin-top: 0px; margin-bottom: 0px; padding: 0px; font-size: 12px; font-family: Arial, 宋体, Helvetica, sans-serif; color: rgb(79, 79, 79); white-space: normal; background-color: rgb(255, 255, 255); line-height: 18px;\"><span style=\"margin: 0px; padding: 0px; font-size: 14px; font-family: 宋体;\">1.2017年度全国艺术科学规划项目实行网上申报。请申请人登录全国艺术科学规划项目申报管理系统（系统路径为：文化部网站主页→在线办事→全国艺术科学规划项目申报管理系统；也可直接输入网址：http://119.255.27.41），按照有关说明注册账号并提交申报材料。</span></p><p style=\"margin-top: 0px; margin-bottom: 0px; padding: 0px; font-size: 12px; font-family: Arial, 宋体, Helvetica, sans-serif; color: rgb(79, 79, 79); white-space: normal; background-color: rgb(255, 255, 255); line-height: 18px;\"><span style=\"margin: 0px; padding: 0px; font-size: 14px; font-family: 宋体;\">2. 请我校教师于2017年3月9日前完成网上申报，科技处将在2017年3月9日17：00对所申报的材料进行在线审核确认，逾期不予受理，联系电话：84261581。</span></p><p style=\"margin-top: 0px; margin-bottom: 0px; padding: 0px; font-size: 12px; font-family: Arial, 宋体, Helvetica, sans-serif; color: rgb(79, 79, 79); white-space: normal; background-color: rgb(255, 255, 255); line-height: 18px;\"><span style=\"margin: 0px; padding: 0px; font-size: 14px; font-family: 宋体; line-height: 21px;\">&nbsp;</span></p><p style=\"margin-top: 0px; margin-bottom: 0px; padding: 0px; font-size: 12px; font-family: Arial, 宋体, Helvetica, sans-serif; color: rgb(79, 79, 79); white-space: normal; background-color: rgb(255, 255, 255); line-height: 18px;\"><span style=\"margin: 0px; padding: 0px; font-size: 14px; font-family: 宋体; line-height: 21px;\">附件下载：2017年度全国艺术科学规划项目课题指南</span></p><p style=\"margin-top: 0px; margin-bottom: 0px; padding: 0px; font-size: 12px; font-family: Arial, 宋体, Helvetica, sans-serif; color: rgb(79, 79, 79); white-space: normal; background-color: rgb(255, 255, 255); line-height: 18px;\"><span style=\"margin: 0px; padding: 0px; font-size: 14px; font-family: 宋体;\">&nbsp;&nbsp;&nbsp;&nbsp;&nbsp;&nbsp;&nbsp;&nbsp;&nbsp;&nbsp;&nbsp; &nbsp;&nbsp;&nbsp;&nbsp;&nbsp;&nbsp;&nbsp;&nbsp;&nbsp;&nbsp;&nbsp;&nbsp;&nbsp;&nbsp;&nbsp;&nbsp;&nbsp;&nbsp;&nbsp;&nbsp;&nbsp;&nbsp;&nbsp;&nbsp;&nbsp;&nbsp;&nbsp;&nbsp;&nbsp;&nbsp;&nbsp;&nbsp;&nbsp;&nbsp;&nbsp;&nbsp;&nbsp;&nbsp;科技处（学科建设办公室）</span></p><p style=\"margin-top: 0px; margin-bottom: 0px; padding: 0px; font-size: 12px; font-family: Arial, 宋体, Helvetica, sans-serif; color: rgb(79, 79, 79); white-space: normal; background-color: rgb(255, 255, 255); line-height: 18px;\"><span style=\"margin: 0px; padding: 0px; font-size: 14px; font-family: 宋体;\">&nbsp;&nbsp;&nbsp; &nbsp;&nbsp;&nbsp;&nbsp;&nbsp;&nbsp;&nbsp;&nbsp;&nbsp;&nbsp;&nbsp;&nbsp;&nbsp;&nbsp;&nbsp;&nbsp;&nbsp;&nbsp;&nbsp;&nbsp;&nbsp;&nbsp;&nbsp;&nbsp;&nbsp;&nbsp;&nbsp;&nbsp;&nbsp;&nbsp;&nbsp;&nbsp;&nbsp;&nbsp;&nbsp;&nbsp;&nbsp;&nbsp;&nbsp;&nbsp;&nbsp;&nbsp;&nbsp;&nbsp;&nbsp;&nbsp;&nbsp;&nbsp;2017年1月11日</span></p><p><br/></p>', '1', '2019-05-06 17:42:05');

-- ----------------------------
-- Table structure for public_module_project
-- ----------------------------
DROP TABLE IF EXISTS `public_module_project`;
CREATE TABLE `public_module_project` (
  `id` int(11) NOT NULL AUTO_INCREMENT,
  `project_id` varchar(64) COLLATE utf8_unicode_ci NOT NULL,
  `project_name` varchar(32) COLLATE utf8_unicode_ci NOT NULL,
  `project_time` datetime NOT NULL,
  `apply_user_name` varchar(32) COLLATE utf8_unicode_ci NOT NULL,
  `apply_user_id` varchar(64) COLLATE utf8_unicode_ci NOT NULL,
  `expected_goal` longtext COLLATE utf8_unicode_ci NOT NULL,
  `participator` longtext COLLATE utf8_unicode_ci NOT NULL,
  `research_content` longtext COLLATE utf8_unicode_ci NOT NULL,
  `start_time` time NOT NULL,
  `stop_time` time NOT NULL,
  `technology_new` longtext COLLATE utf8_unicode_ci NOT NULL,
  `project_status` int(11) NOT NULL,
  `science_type_id` varchar(64) COLLATE utf8_unicode_ci NOT NULL,
  PRIMARY KEY (`id`)
) ENGINE=InnoDB AUTO_INCREMENT=27 DEFAULT CHARSET=utf8 COLLATE=utf8_unicode_ci;

-- ----------------------------
-- Records of public_module_project
-- ----------------------------
INSERT INTO `public_module_project` VALUES ('20', '23598300-7a72-11e9-afe2-9cb6d01d51d2', '长沙学院“应用化学”省重点建设学科——光催化技术与应用方向建设', '2019-05-19 20:10:24', 'apply', '2', '<p>长沙学院应用化学省重点建设学科光催化技术与技术研究方向科研平台建设项目的预期成果，通过购置该研究方向发展的相关仪器设备，结合相关项目实施，发表高水平论文5-8篇，申报国家发明专利3-4项，为下一步申报“光催化技术”省重点实验室奠定基础。<br/>本项目的实施，完成时的主要技术成果和技术指标如下：<br/>(1) 发表高水平论文5-8篇;<br/>(2) 申报国家发明专利3-4项;<br/>(3) 参加国家会议1-2次。</p>', '', '<p>建设内容<br/>1、实验仪器的的购置。主要是新型光催化材料设计与制备的仪器设备及仪器。<br/>2、主持或参与国际会议，进一步长沙学院应用化学省重点建设学科光催化技术与应用研究方向在国内外该研究领域的影响。<br/>3、申报国家发明专利<br/>4、发表高水平论文，SCI、EI收录。<br/><br/>建设方案<br/>&nbsp;&nbsp;&nbsp; 采用政府拨款与学校自筹经费相结合的方式加强长沙学院应用化学省重点建设学科光催化技术与应用研究方向的科研平台建设。</p>', '04:10:25', '04:10:25', '<p>加强长沙学院应用化学省重点建设学科光催化技术与应用科研平台建设，不仅能够加强应用化学学科科学研究的基础实验平台建设，更能为长沙学院应用化学学科在同类院校中处于领先地位奠定良好的硬件基础，进而提高本学科科的产学研合作能力，将本学科的关键技术及科研成果转换为生产力，为地方经济和地方化学、环境及新材料相关产业的提升服务，同时为长沙地区及湖南区域经济发展提供应用型技术人才。<br/><br/></p>', '2', '06fbb38f-7a72-11e9-b07c-9cb6d01d51d2');
INSERT INTO `public_module_project` VALUES ('21', '1265a5f0-7a73-11e9-a7fe-9cb6d01d51d2', '基于4G网的视频服务器的产品开发与产业化培育', '2019-05-19 20:17:05', 'apply2', 'ecec4b80-7a72-11e9-94e6-9cb6d01d51d2', '<p>&nbsp;&nbsp; 1、制造出4G无线视频监控服务器的适于量产与成本控制的产品级样机。<br/>&nbsp;&nbsp;&nbsp;&nbsp;&nbsp;&nbsp;&nbsp;&nbsp; 该产品具备适于批量生产与产品系列化、易于成本控制的特点，采用性能模块化组件，关键部件具备通用性和互换性。<br/>&nbsp;&nbsp;&nbsp;&nbsp;&nbsp;&nbsp;&nbsp;&nbsp;&nbsp; 2、申请一项国家专利。<br/>&nbsp;&nbsp;&nbsp;&nbsp;&nbsp;&nbsp;&nbsp;&nbsp;&nbsp; 在4G无线视频监控服务器的关键技术与产品设计方面，至少申请1项国家专利，与已经申请的国家专利形成专利组合。<br/>&nbsp;&nbsp;&nbsp;&nbsp;&nbsp;&nbsp;&nbsp;&nbsp;&nbsp; 3、通过技术鉴定或产品认证。<br/>&nbsp;&nbsp;&nbsp;&nbsp;&nbsp;&nbsp;&nbsp;&nbsp;&nbsp; 在校科技管理部门的监督下，组织有关专家对本产品的技术成果进行鉴定与评议；在此基础上，争取通过中国计量认证（CMA），或中国合格评定国家认可委员会的CNAS资质证书，或中国强制性产品认证（CCC），或其它合法高资质的技术鉴定。<br/>&nbsp;&nbsp;&nbsp;&nbsp;&nbsp;&nbsp;&nbsp;&nbsp;&nbsp; 4、形成产品推广与应用的实际案例和用户评价。<br/>&nbsp;&nbsp;&nbsp;&nbsp;&nbsp;&nbsp;&nbsp;&nbsp;&nbsp; 选取2-3个行业单位，形成一个小规模的实际工程应用的无线视频监控系统，进行一段时间工程测试，得到产品应用与推广的报告。</p>', '', '<p>&nbsp;&nbsp;&nbsp;&nbsp;&nbsp;&nbsp;&nbsp;&nbsp;&nbsp;&nbsp;&nbsp;&nbsp; 1、4G无线视频监控服务器的技术构架优化设计：基于先进的高性能的DSP平台，采用嵌入式系统设计；集成功能强大的网络协议栈，支持多种网络协议，支持动态域名配置；编码器采用高效的H.264/H.265视频压缩技术，在有限带宽下保障视频数据的流畅传输；支持移动、电信、联通的4G网络。<br/>&nbsp;&nbsp;&nbsp;&nbsp;&nbsp;&nbsp;&nbsp;&nbsp; 2、4G无线视频监控服务器的产品设计与试制：对4G无线视频监控服务器的产品化进行设计与试制。主要包括工程技术文书、模块化组件、适于批量制造的工艺规范与图纸、基本型产品的外观、适于产品系列化的构架方案、产品安装与测试。<br/>&nbsp;&nbsp;&nbsp;&nbsp;&nbsp;&nbsp;&nbsp;&nbsp; 3、基于4G无线视频监控服务器的新型视频监控系统平台的设计：包括系统解决方案设计、设备组态、服务器管理软件和客户端监控软件，能够组建大规模、分布式网络视频监控系统，适应各种复杂的网络构架。<br/>&nbsp;&nbsp;&nbsp;&nbsp;&nbsp;&nbsp;&nbsp;&nbsp; 4、产品应用与推广：选定2-3个需要移动视频传输的实体机构进行应用推广，以免费试用的方式，让潜在客户真实认可本产品的功效与价值，并以小批量采购与实际应用树立为典型解决方案，从而走向多客户较大批量采购的企业化运作模式。</p>', '04:17:06', '04:17:06', '<p>技术创新点<br/>&nbsp;&nbsp;&nbsp;&nbsp;&nbsp;&nbsp;&nbsp;&nbsp; 1、研发自动平衡协调传输技术,最大利用4G无线网络输带宽,传输延时小,平均延时小于2秒,在带宽极差时延时可手动调节以保证视频不丢帧。<br/>&nbsp;&nbsp;&nbsp;&nbsp;&nbsp;&nbsp;&nbsp;&nbsp; 2、采用高效H.264/H.265视频压缩编码,轻松实现清晰视频的低网络带宽传输,设备实现双码流,分别用于无线传输和高质量1080P前端录像。<br/>&nbsp;&nbsp;&nbsp;&nbsp;&nbsp;&nbsp;&nbsp;&nbsp; 3. 视频传输采用先进4G移动通信网络技术，支持FDD-LTE、TDD-LTE等4G网络，兼容WCDMA、TD-CDMA、EVDO等多种3G网络；<br/>&nbsp;&nbsp;&nbsp;&nbsp;&nbsp;&nbsp;&nbsp;&nbsp; 4、支持视频和图片两种传输模式；支持路由上网功能，能提供给用户路由网关、DMZ、VPN等功能；支持WIFI连接，具有双工作模式选择；支持GPS，GPS数据标准支持接入各种平台，支持GPS视频叠加。<br/>&nbsp;&nbsp;&nbsp;&nbsp;&nbsp;&nbsp;&nbsp;&nbsp; 5、多种节省流量方式：1)支持定时工作、短信休眠和唤醒功能；2)管理器手工控制视频传输与否；3)正常状态视频服务器不传输视频数据（只传输极少量的心跳数据），当有客户端请求观看视频或者报警信号触发时传输视频数据。</p>', '2', '1');
INSERT INTO `public_module_project` VALUES ('22', 'fe40decf-7a74-11e9-b3be-9cb6d01d51d2', '等离子喷涂Al2O3/TiO2纳米复合耐磨涂层的技术开发', '2019-05-19 20:30:51', '胡爽', 'bfd4f370-7a74-11e9-8e68-9cb6d01d51d2', '<p>对纳米陶瓷涂层制备技术及其性能结构的研究不仅有利于推动先进制造技术的发展和科学研究的进步，也助于发展循环经济建设节约型社会，可以取得良好的经济效益和环境效益。本项目的研究将具有非常强的竞争优势，并且具有非常广阔的产业化前景。</p><p>本项目预期成果如下：</p><p>1、涂层硬度达到HV600～900。</p><p>2、本项目开发的纳米陶瓷复合涂层的结合强度以及耐磨性能比传统的喷涂粉末涂层大幅度提高。</p><p>3、在模具纳米热喷涂绿色再制造技术方面申报实用新型专利1项。</p><p>4、本项目的开发成功将在节约资源和能源等方面产生重要的社会效益。</p><p><br/></p>', '', '<p>研究内容：</p><p>1、纳米陶瓷复合涂层材料体系的设计。</p><p>2、采用等离子喷涂的方法在废旧金属模具表面制备各种纳米陶瓷复合涂层。</p><p>3、系统研究不同纳米陶瓷复合涂层材料和不同喷涂工艺参数下涂层的组织结构变化规律;通过对涂层在不同工况条件下的摩擦磨损性能研究，建立制备工艺-微观结构-性能三者之间的关系模型，并在此基础上优化工艺，制备出组织和性能优良的纳米陶瓷复合涂层。</p><p>4、探讨纳米涂层的摩擦磨损机理。</p><p>5、在上述研究基础上，对废弃金属模具进行纳米热喷涂绿色再制造产业化研究。</p><p><br/></p><p>技术路线：</p><p>1、初步确定等离子喷涂纳米陶瓷复合涂层工艺参数。</p><p>2、纳米陶瓷涂层微观结构分析和力学性能测试。</p><p>3、陶瓷涂层摩擦学性能的测试。</p><p>4、涂层制备工艺的优化。</p><p>5、纳米涂层摩擦磨损机理研究。</p><p><br/></p>', '04:30:51', '04:30:51', '<p>1、将纳米热喷涂技术应用于金属模具修复再制造,并使该技术产业化,有关成果可以填补国内外空白。</p><p>2、将纳米颗粒重构后形成的微米级喂料进行热喷涂,实现在较低成本下显著提高涂层功能。</p><p>3、采用扫描电镜（SEM）、能谱（EDS）、X射线衍射仪（XRD）等现代材料与表面分析仪器对陶瓷涂层的表面形貌、相结构、元素分布等进行分析，研究不同制备工艺、不同工艺参数对陶瓷涂层微观结构的影响规律。采用显微硬度计、附着力自动划痕仪等研究纳米陶瓷涂层的力学性能，分析涂层组织结构和厚度对界面结合强度及力学性能的影响。采用球-盘式摩擦磨损试验机测试不同陶瓷涂层在室温及常压条件下的摩擦磨损性能。</p><p><br/></p>', '2', '06fbb38f-7a72-11e9-b07c-9cb6d01d51d2');
INSERT INTO `public_module_project` VALUES ('23', '87d1e770-7a7a-11e9-9d01-9cb6d01d51d2', '长沙学院电子信息科研平台城市计算与智能服务实验室建设', '2019-05-19 21:10:29', 'apply', '2', '<p>1. 为全校相关学科（包括计算机、通信、管理、生物、环境等）科学研究服务，满足海量数据处理需求，提供存储，检索和挖掘功能。</p><p>2. 为申报高级科技创新平台奠定基础，力争通过3年的建设后能成功申报省级重点实验室。</p><p>3. 包括青年教师科研能力培养和优秀本科生培养提供研究平台。</p><p><br/></p>', '', '<p>1. 建设内容</p><p>&nbsp; &nbsp; 围绕“城市计算与智能服务”目标，电子信息平台城市计算与智能服务实验室建设主要包括四个方面：</p><p>&nbsp;感知设备建设：包含射频识别（RFID）、红外感应器、全球定位系统、激光扫描器、手持设备、超声探测等各类信息传感设备的建设，以完成感知数据的获取。</p><p>&nbsp;感知网络建设：包含传感网络网关节点、网络接入管理、网络监测管理等各类设备，实现有线、无线网络的有机整合，完成感知数据的传输。</p><p>&nbsp;感知信息处理建设：包含分布式并行处理平台及系统软件等各类感知信息承载与存储设备，完成感知信息整合。</p><p>&nbsp;综合应用：根据科研建设需求，购置相应软硬件或仪器设备。</p><p>本阶段主要完成感知信息处理子平台建设，包括购置管理服务器1台，节点服务器若干台。</p><p>2. 建设方案</p><p>&nbsp; &nbsp; 城市计算与智能服务实验室建设采取政府拨款和学校自筹资金相结合的方式完成。</p><p><br/></p>', '05:10:29', '05:10:29', '<p>长沙学院是长沙市属唯一一所本科院校，经过10年的建设，在人才培养、科学研究和服务地方经济神会建设方面都取得了有目共睹的成绩。但是，长沙学院作为新建的地方性本科院校，与发达地区同类院校相比，在学生创新能力培养和教师科学研究条件等平台建设方面，还存在较大的差距，建设长沙学院电子信息科研平台城市计算与智能服务实验室可为计算机、通信、管理等相关学科，围绕“城市智能服务”核心概念，发展包括智能数据管控服务、智能信息获取服务、智能环境监控服务、智能物流管理服务、智能旅游服务等产业化公共研发技术提供良好平台，逐步推动涵盖城市管理、工业信息化、安全防范、环境保护、百姓生活、交通疏导、商贸物流等领域的相关技术应用开发，形成各领域智能服务的示范应用集聚，形成核心示范区，并以此建立起技术、产品、市场之间的桥梁，推进产业化发展。</p>', '2', '1');
INSERT INTO `public_module_project` VALUES ('24', '577a0ae1-7e20-11e9-8ee7-9cb6d01d51d2', '聚天门冬氨酸酯聚脲防腐涂料的研究与开发', '2019-05-24 12:34:58', 'apply', '2', '<p>1. 开发一个用于机械工程设备防腐蚀的聚天门冬氨酸酯聚脲防腐涂料，并送相关技术质量监督部门检测。取得合格证后，在工厂中试生产，送客户试用，取得客户认可。</p><p>聚天门冬氨酸酯聚脲防腐涂料主要技术指标：</p><p>项目<span style=\"white-space:pre\">	</span>&nbsp; &nbsp; &nbsp; &nbsp; &nbsp; &nbsp; &nbsp; &nbsp; &nbsp; &nbsp; &nbsp; 指标</p><p>不挥发物含量<span style=\"white-space:pre\">	</span>&nbsp; &nbsp; &nbsp; &nbsp; &nbsp; &nbsp;≥70%</p><p>弯曲性能（Φ10mm弯折）<span style=\"white-space:pre\">	</span>无开裂，无剥离</p><p>耐冲击性（落锤高度100cm）<span style=\"white-space:pre\">	</span>漆膜无裂纹、皱纹及剥落等现象</p><p>耐碱性（5%NaOH，240h）<span style=\"white-space:pre\">	</span>涂层无异常</p><p>耐酸性（5%H2SO4，240h）<span style=\"white-space:pre\">	</span>涂层无异常</p><p>耐酸性（10%NaCl，240h）<span style=\"white-space:pre\">	</span>涂层无异常</p><p>耐水性（48h）<span style=\"white-space:pre\">	</span>&nbsp; &nbsp; &nbsp; &nbsp; &nbsp; 涂层无气泡，无起皱，无明显变色脱落</p><p>耐人工气候加速实验（1500h）<span style=\"white-space:pre\">	</span>涂层无明显变色和粉化，无起泡，无裂纹</p><p>拉伸强度/MPa<span style=\"white-space:pre\">	</span>&nbsp; &nbsp; &nbsp; &nbsp; &nbsp; &nbsp; &nbsp; &nbsp; &nbsp;12</p><p>耐磨性（750g，500r）/mg<span style=\"white-space:pre\">	</span>30</p><p>2. 在以上技术开发的基础上，进一步创新实验，开发出一系列风电叶片、金属防护、桥梁隧道等聚天门冬氨酸酯聚脲涂料。</p><p><br/></p>', '', '<p>1. 聚天门冬氨酸酯的合成</p><p>选择二环己基甲烷二胺(HM．DA)，3, 3’-二甲基4, 4’-二环己基甲烷二胺，六亚甲基二胺(HDA)等胺类组分加入到带有搅拌器、温度计的四口烧瓶中，开动搅拌，并通入氮气，选择滴加马来酸二乙酯、马来酸二甲酯、马来酸二丁酯等马来酸酯，进行Michael加成反应制得聚天门冬氨酸酯。</p><p>2. 聚天门冬氨酸酯聚脲涂料的制备</p><p>用所合成的聚天门冬氨酸酯与颜填料、消泡剂、附着力促进剂、流平剂等研磨分散作为B组分，选择HDI三聚体、二环己基甲烷二异氰酸酯、异佛尔酮二异氰酸酯、二苯基甲烷二异氰酸酯等为A组分，将A、B两组分搅拌均匀反应生成聚天门冬氨酸酯聚脲，采用刷涂、喷涂等方式制板。研究B组分的颜基比、NCO／NH摩尔比以及助剂等对反应活性和涂料力学性能及耐腐蚀性能的影响。</p><p>3. 聚天门冬氨酸酯聚脲涂料表征及性能测试</p><p>用红外光谱仪、核磁共振分析仪、元素分析仪、色谱仪和自动电位滴定仪等表征聚天门冬氨酸酯和聚天门冬氨酸酯聚脲的结构，检测涂料各项物理力学性能，用电化学方法研究聚天门冬氨酸酯聚脲涂膜在紫外、盐水浸泡、酸溶液浸泡和湿热环境等腐蚀条件下的失效行为。</p><p><br/></p>', '20:34:58', '20:34:58', '<p>1. 采用各类伯胺与不同侧基的马来酸酯通过Michael反应合成聚天门冬氨酸酯，通过实验优选出合适的伯胺和马来酸酯按照一定的摩尔比反应，优化反应条件，提高反应转化率；</p><p>2. 调整A组分与B组分的配比，研究不同NCO/NH比值下涂膜性能，通过在B组分中加入适合的防锈颜填料、助剂，提高涂膜的耐腐蚀耐老化性能。</p><p>3. 采用电化学交流阻抗（EIS）方法，研究涂膜在紫外、盐水浸泡、酸溶液浸泡和湿热环境等腐蚀条件下的失效行为，更先进更直观研究涂层／金属体系的电化学阻抗谱变化和腐蚀过程中电化学参量的变化趋势，进而分析涂层／金属体系的失效破坏过程。</p><p><br/></p>', '2', 'd3ee7cee-701f-11e9-86d9-9cb6d01d51d2');
INSERT INTO `public_module_project` VALUES ('25', 'cd13fa5e-7e9b-11e9-9a88-9cb6d01d51d2', '测试项目申报1', '2019-05-25 03:18:43', 'apply', '2', '<p>等待</p>', '', '<p>等待</p>', '11:18:44', '11:18:44', '<p>的<br/></p>', '2', 'd3ee7cee-701f-11e9-86d9-9cb6d01d51d2');
INSERT INTO `public_module_project` VALUES ('26', 'ba1f5a80-81ed-11e9-b5cd-9cb6d01d51d2', '基于4G网的视频服务器的产品开发与产业化培育', '2019-05-29 08:42:44', 'apply', '2', '<p>&nbsp; &nbsp; &nbsp; &nbsp; &nbsp; &nbsp; &nbsp; &nbsp;1、制造出4G无线视频监控服务器的适于量产与成本控制的产品级样机。</p><p>&nbsp; &nbsp; &nbsp; &nbsp; &nbsp;该产品具备适于批量生产与产品系列化、易于成本控制的特点，采用性能模块化组件，关键部件具备通用性和互换性。</p><p>&nbsp; &nbsp; &nbsp; &nbsp; &nbsp; 2、申请一项国家专利。</p><p>&nbsp; &nbsp; &nbsp; &nbsp; &nbsp; 在4G无线视频监控服务器的关键技术与产品设计方面，至少申请1项国家专利，与已经申请的国家专利形成专利组合。</p><p>&nbsp; &nbsp; &nbsp; &nbsp; &nbsp; 3、通过技术鉴定或产品认证。</p><p>&nbsp; &nbsp; &nbsp; &nbsp; &nbsp; 在校科技管理部门的监督下，组织有关专家对本产品的技术成果进行鉴定与评议；在此基础上，争取通过中国计量认证（CMA），或中国合格评定国家认可委员会的CNAS资质证书，或中国强制性产品认证（CCC），或其它合法高资质的技术鉴定。</p><p>&nbsp; &nbsp; &nbsp; &nbsp; &nbsp; 4、形成产品推广与应用的实际案例和用户评价。</p><p>&nbsp; &nbsp; &nbsp; &nbsp; &nbsp; 选取2-3个行业单位，形成一个小规模的实际工程应用的无线视频监控系统，进行一段时间工程测试，得到产品应用与推广的报告。</p><p><br/></p>', '', '<p>&nbsp;1、4G无线视频监控服务器的技术构架优化设计：基于先进的高性能的DSP平台，采用嵌入式系统设计；集成功能强大的网络协议栈，支持多种网络协议，支持动态域名配置；编码器采用高效的H.264/H.265视频压缩技术，在有限带宽下保障视频数据的流畅传输；支持移动、电信、联通的4G网络。</p><p>2、4G无线视频监控服务器的产品设计与试制：对4G无线视频监控服务器的产品化进行设计与试制。主要包括工程技术文书、模块化组件、适于批量制造的工艺规范与图纸、基本型产品的外观、适于产品系列化的构架方案、产品安装与测试。</p><p>&nbsp;3、基于4G无线视频监控服务器的新型视频监控系统平台的设计：包括系统解决方案设计、设备组态、服务器管理软件和客户端监控软件，能够组建大规模、分布式网络视频监控系统，适应各种复杂的网络构架。</p><p>4、产品应用与推广：选定2-3个需要移动视频传输的实体机构进行应用推广，以免费试用的方式，让潜在客户真实认可本产品的功效与价值，并以小批量采购与实际应用树立为典型解决方案，从而走向多客户较大批量采购的企业化运作模式。</p><p><br/></p>', '16:42:44', '16:42:44', '<p>&nbsp; 技术创新点</p><p>&nbsp; &nbsp; &nbsp; &nbsp; &nbsp;1、研发自动平衡协调传输技术,最大利用4G无线网络输带宽,传输延时小,平均延时小于2秒,在带宽极差时延时可手动调节以保证视频不丢帧。</p><p>&nbsp; &nbsp; &nbsp; &nbsp; &nbsp;2、采用高效H.264/H.265视频压缩编码,轻松实现清晰视频的低网络带宽传输,设备实现双码流,分别用于无线传输和高质量1080P前端录像。</p><p>&nbsp; &nbsp; &nbsp; &nbsp; &nbsp;3. 视频传输采用先进4G移动通信网络技术，支持FDD-LTE、TDD-LTE等4G网络，兼容WCDMA、TD-CDMA、EVDO等多种3G网络；</p><p>&nbsp; &nbsp; &nbsp; &nbsp; &nbsp;4、支持视频和图片两种传输模式；支持路由上网功能，能提供给用户路由网关、DMZ、VPN等功能；支持WIFI连接，具有双工作模式选择；支持GPS，GPS数据标准支持接入各种平台，支持GPS视频叠加。</p><p>&nbsp; &nbsp; &nbsp; &nbsp; &nbsp;5、多种节省流量方式：1)支持定时工作、短信休眠和唤醒功能；2)管理器手工控制视频传输与否；3)正常状态视频服务器不传输视频数据（只传输极少量的心跳数据），当有客户端请求观看视频或者报警信号触发时传输视频数据。</p><p><br/></p>', '2', '1');

-- ----------------------------
-- Table structure for public_module_review
-- ----------------------------
DROP TABLE IF EXISTS `public_module_review`;
CREATE TABLE `public_module_review` (
  `id` int(11) NOT NULL AUTO_INCREMENT,
  `review_id` varchar(64) COLLATE utf8_unicode_ci NOT NULL,
  `review_user_id` varchar(64) COLLATE utf8_unicode_ci NOT NULL,
  `review_status` int(11) NOT NULL,
  `review_message` varchar(255) COLLATE utf8_unicode_ci NOT NULL,
  `review_user_name` varchar(32) COLLATE utf8_unicode_ci NOT NULL,
  `review_time` datetime NOT NULL,
  `project_id` varchar(64) COLLATE utf8_unicode_ci NOT NULL,
  PRIMARY KEY (`id`)
) ENGINE=InnoDB AUTO_INCREMENT=37 DEFAULT CHARSET=utf8 COLLATE=utf8_unicode_ci;

-- ----------------------------
-- Records of public_module_review
-- ----------------------------
INSERT INTO `public_module_review` VALUES ('23', '6013f85e-7a73-11e9-b97d-9cb6d01d51d2', '4', '1', '该项目非常具有创新性', 'review2', '2019-05-19 20:20:17', '1265a5f0-7a73-11e9-a7fe-9cb6d01d51d2');
INSERT INTO `public_module_review` VALUES ('24', '653c654f-7a75-11e9-9170-9cb6d01d51d2', '5a981030-719d-11e9-afbd-9cb6d01d51d2', '1', '该项目非常好', 'review3', '2019-05-19 20:35:08', 'fe40decf-7a74-11e9-b3be-9cb6d01d51d2');
INSERT INTO `public_module_review` VALUES ('25', '653c654f-7a75-11e9-9170-9cb6d01d51d2', '60fa75de-7a75-11e9-a58f-9cb6d01d51d2', '1', '该项目非常好', '应用化学001', '2019-05-19 20:35:08', 'fe40decf-7a74-11e9-b3be-9cb6d01d51d2');
INSERT INTO `public_module_review` VALUES ('26', '5e3d5c40-7a76-11e9-999f-9cb6d01d51d2', '5a981030-719d-11e9-afbd-9cb6d01d51d2', '2', '这个项目不具有创新', 'review3', '2019-05-19 21:01:00', '23598300-7a72-11e9-afe2-9cb6d01d51d2');
INSERT INTO `public_module_review` VALUES ('27', '5e3d5c40-7a76-11e9-999f-9cb6d01d51d2', '60fa75de-7a75-11e9-a58f-9cb6d01d51d2', '2', '这个项目不具有创新', '应用化学001', '2019-05-19 21:01:00', '23598300-7a72-11e9-afe2-9cb6d01d51d2');
INSERT INTO `public_module_review` VALUES ('28', 'c7387bf0-7a79-11e9-ac0d-9cb6d01d51d2', '4', '1', '该项目非常具有创新性', 'review2', '2019-05-19 21:07:00', 'fe40decf-7a74-11e9-b3be-9cb6d01d51d2');
INSERT INTO `public_module_review` VALUES ('29', 'b43c72cf-7a7a-11e9-a41d-9cb6d01d51d2', '4', '1', '该项目有利于学校', 'review2', '2019-05-19 21:12:08', '87d1e770-7a7a-11e9-9d01-9cb6d01d51d2');
INSERT INTO `public_module_review` VALUES ('30', 'b43d0f0f-7a7a-11e9-aaa6-9cb6d01d51d2', '43afe330-7a7a-11e9-ba00-9cb6d01d51d2', '0', '', '计算机001', '2019-05-19 21:11:44', '87d1e770-7a7a-11e9-9d01-9cb6d01d51d2');
INSERT INTO `public_module_review` VALUES ('31', '777d89c0-7e20-11e9-bfd2-9cb6d01d51d2', '3', '1', '该项目非常好', 'review', '2019-05-24 12:36:49', '577a0ae1-7e20-11e9-8ee7-9cb6d01d51d2');
INSERT INTO `public_module_review` VALUES ('32', 'e3baed9e-7e9b-11e9-9a86-9cb6d01d51d2', '3', '0', '', 'review', '2019-05-25 03:19:21', 'cd13fa5e-7e9b-11e9-9a88-9cb6d01d51d2');
INSERT INTO `public_module_review` VALUES ('33', 'e3bb62cf-7e9b-11e9-a9eb-9cb6d01d51d2', '4', '0', '', 'review2', '2019-05-25 03:19:21', 'cd13fa5e-7e9b-11e9-9a88-9cb6d01d51d2');
INSERT INTO `public_module_review` VALUES ('34', 'e3bbff11-7e9b-11e9-9ba0-9cb6d01d51d2', '43afe330-7a7a-11e9-ba00-9cb6d01d51d2', '0', '', '计算机001', '2019-05-25 03:19:21', 'cd13fa5e-7e9b-11e9-9a88-9cb6d01d51d2');
INSERT INTO `public_module_review` VALUES ('35', '28303bc0-81ee-11e9-bee8-9cb6d01d51d2', '4', '0', '', 'review2', '2019-05-29 08:45:48', 'ba1f5a80-81ed-11e9-b5cd-9cb6d01d51d2');
INSERT INTO `public_module_review` VALUES ('36', '2830d800-81ee-11e9-92de-9cb6d01d51d2', '43afe330-7a7a-11e9-ba00-9cb6d01d51d2', '0', '', '计算机001', '2019-05-29 08:45:48', 'ba1f5a80-81ed-11e9-b5cd-9cb6d01d51d2');

-- ----------------------------
-- Table structure for public_module_reviewproject
-- ----------------------------
DROP TABLE IF EXISTS `public_module_reviewproject`;
CREATE TABLE `public_module_reviewproject` (
  `id` int(11) NOT NULL AUTO_INCREMENT,
  `project_id` varchar(64) COLLATE utf8_unicode_ci NOT NULL,
  `review_id` varchar(64) COLLATE utf8_unicode_ci NOT NULL,
  PRIMARY KEY (`id`)
) ENGINE=InnoDB DEFAULT CHARSET=utf8 COLLATE=utf8_unicode_ci;

-- ----------------------------
-- Records of public_module_reviewproject
-- ----------------------------

-- ----------------------------
-- Table structure for public_module_sciencetype
-- ----------------------------
DROP TABLE IF EXISTS `public_module_sciencetype`;
CREATE TABLE `public_module_sciencetype` (
  `id` int(11) NOT NULL AUTO_INCREMENT,
  `type_id` varchar(64) COLLATE utf8_unicode_ci NOT NULL,
  `type_name` varchar(64) COLLATE utf8_unicode_ci NOT NULL,
  PRIMARY KEY (`id`)
) ENGINE=InnoDB AUTO_INCREMENT=8 DEFAULT CHARSET=utf8 COLLATE=utf8_unicode_ci;

-- ----------------------------
-- Records of public_module_sciencetype
-- ----------------------------
INSERT INTO `public_module_sciencetype` VALUES ('1', '1', '计算机应用类');
INSERT INTO `public_module_sciencetype` VALUES ('2', 'd3ee7cee-701f-11e9-86d9-9cb6d01d51d2', '数学研究类');
INSERT INTO `public_module_sciencetype` VALUES ('5', '2886ad4f-7020-11e9-a378-9cb6d01d51d2', '土木研究类');
INSERT INTO `public_module_sciencetype` VALUES ('6', '3fd32f61-7020-11e9-b013-9cb6d01d51d2', '机械研发类');
INSERT INTO `public_module_sciencetype` VALUES ('7', '06fbb38f-7a72-11e9-b07c-9cb6d01d51d2', '应用化学类');

-- ----------------------------
-- Table structure for public_module_userinfo
-- ----------------------------
DROP TABLE IF EXISTS `public_module_userinfo`;
CREATE TABLE `public_module_userinfo` (
  `id` int(11) NOT NULL AUTO_INCREMENT,
  `user_id` varchar(64) COLLATE utf8_unicode_ci NOT NULL,
  `user_phone` varchar(32) COLLATE utf8_unicode_ci NOT NULL,
  `user_address` varchar(64) COLLATE utf8_unicode_ci NOT NULL,
  `user_email` varchar(32) COLLATE utf8_unicode_ci NOT NULL,
  PRIMARY KEY (`id`)
) ENGINE=InnoDB AUTO_INCREMENT=11 DEFAULT CHARSET=utf8 COLLATE=utf8_unicode_ci;

-- ----------------------------
-- Records of public_module_userinfo
-- ----------------------------
INSERT INTO `public_module_userinfo` VALUES ('1', '1', '18570332683', '长沙学院', '761494073@qq.com');
INSERT INTO `public_module_userinfo` VALUES ('2', '2', '111', '长沙', '1111');
INSERT INTO `public_module_userinfo` VALUES ('3', '3', '3', '汇泽', '3');
INSERT INTO `public_module_userinfo` VALUES ('4', '4', '4', '4', '4');
INSERT INTO `public_module_userinfo` VALUES ('5', '5a981030-719d-11e9-afbd-9cb6d01d51d2', '110', '红玉', '1103');
INSERT INTO `public_module_userinfo` VALUES ('6', '5c38d26e-719e-11e9-a0d6-9cb6d01d51d2', '111', '1111', '111');
INSERT INTO `public_module_userinfo` VALUES ('7', 'ecec4b80-7a72-11e9-94e6-9cb6d01d51d2', '18373145689', '长沙学院', '110@qq.com');
INSERT INTO `public_module_userinfo` VALUES ('8', 'bfd4f370-7a74-11e9-8e68-9cb6d01d51d2', '18570332686', '汇泽2', '110@qq.com');
INSERT INTO `public_module_userinfo` VALUES ('9', '60fa75de-7a75-11e9-a58f-9cb6d01d51d2', '18322585585', '长沙大学', '110@qq.com');
INSERT INTO `public_module_userinfo` VALUES ('10', '43afe330-7a7a-11e9-ba00-9cb6d01d51d2', '18570332683', '长沙', '110@qq.com');

-- ----------------------------
-- Table structure for public_module_userlogin
-- ----------------------------
DROP TABLE IF EXISTS `public_module_userlogin`;
CREATE TABLE `public_module_userlogin` (
  `id` int(11) NOT NULL AUTO_INCREMENT,
  `user_id` varchar(64) COLLATE utf8_unicode_ci NOT NULL,
  `user_name` varchar(32) COLLATE utf8_unicode_ci NOT NULL,
  `user_password` varchar(64) COLLATE utf8_unicode_ci NOT NULL,
  `user_type` int(11) NOT NULL,
  `science_type_id` varchar(64) COLLATE utf8_unicode_ci NOT NULL,
  PRIMARY KEY (`id`)
) ENGINE=InnoDB AUTO_INCREMENT=12 DEFAULT CHARSET=utf8 COLLATE=utf8_unicode_ci;

-- ----------------------------
-- Records of public_module_userlogin
-- ----------------------------
INSERT INTO `public_module_userlogin` VALUES ('1', '1', 'admin', '123456', '0', '2019-05-07 12:04:00.844000+00:00');
INSERT INTO `public_module_userlogin` VALUES ('2', '2', 'apply', '123456', '1', '2019-05-07 12:04:00.844000+00:00');
INSERT INTO `public_module_userlogin` VALUES ('3', '3', 'review', '123456', '2', 'd3ee7cee-701f-11e9-86d9-9cb6d01d51d2');
INSERT INTO `public_module_userlogin` VALUES ('4', '4', 'review2', '123456', '2', '1');
INSERT INTO `public_module_userlogin` VALUES ('5', '5a981030-719d-11e9-afbd-9cb6d01d51d2', 'review3', '123456', '2', '06fbb38f-7a72-11e9-b07c-9cb6d01d51d2');
INSERT INTO `public_module_userlogin` VALUES ('7', 'ecec4b80-7a72-11e9-94e6-9cb6d01d51d2', 'apply2', '123456', '1', '');
INSERT INTO `public_module_userlogin` VALUES ('8', 'bfd4f370-7a74-11e9-8e68-9cb6d01d51d2', '胡爽', '123456', '1', '');
INSERT INTO `public_module_userlogin` VALUES ('9', '60fa75de-7a75-11e9-a58f-9cb6d01d51d2', '应用化学001', '123456', '2', '06fbb38f-7a72-11e9-b07c-9cb6d01d51d2');
INSERT INTO `public_module_userlogin` VALUES ('10', '43afe330-7a7a-11e9-ba00-9cb6d01d51d2', '计算机001', '123456', '2', '1');
INSERT INTO `public_module_userlogin` VALUES ('11', '5a981030-719d-11e9-afbd-9cb6d01d51d2', 'review8', '123456', '2', '06fbb38f-7a72-11e9-b07c-9cb6d01d51d2');
